Date,Daily_Turnover
2016-06-28,0.021503459986775334
2016-06-29,0.015523954651102751
2016-06-30,0.021661864854078776
2016-07-01,0.014184589964537288
2016-07-05,0.0016476927695326608
2016-07-06,0.009808080538911112
2016-07-07,0.012500899973891597
2016-07-08,0.005829362585740336
2016-07-11,0.013376515922840556
2016-07-12,0.0021547218306168375
2016-07-13,0.010704587317956888
2016-07-14,0.0030174972625811045
2016-07-15,0.019099709181813848
2016-07-18,0.012381131388755177
2016-07-19,0.006890281675231979
2016-07-20,0.002788580033980626
2016-07-21,0.0015462346025374414
2016-07-22,0.03162027500878904
2016-07-25,0.0035996129327986685
2016-07-26,0.013161086637870727
2016-07-27,0.001381234448860456
2016-07-28,0.00968549882432296
2016-07-29,0.012280463931951018
2016-08-01,0.03038152249830848
2016-08-02,0.004990016879185196
2016-08-03,0.008430908174597952
2016-08-04,0.018611278185815983
2016-08-05,0.02558560197972931
2016-08-08,0.015434355907017541
2016-08-09,0.011057739859037503
2016-08-10,0.0033324760723742195
2016-08-11,0.0017135118608277164
2016-08-12,0.007877460677620539
2016-08-15,0.012859954307240684
2016-08-16,0.0037286707192967566
2016-08-17,0.007296458869241414
2016-08-18,0.0009291935968265778
2016-08-19,0.008661129623032235
2016-08-22,0.020765220577897335
2016-08-23,0.00480250848307625
2016-08-24,0.0066727602771878315
2016-08-25,0.002620851404642439
2016-08-26,0.00612581110178844
2016-08-29,0.01613386772267856
2016-08-30,0.003133176471493574
2016-08-31,0.0022169705664317405
2016-09-01,0.01563729272859159
2016-09-02,0.0019407685577827226
2016-09-06,0.0024972389265917744
2016-09-07,0.0022595445133690535
2016-09-08,0.008937396639845455
2016-09-09,0.004292039717885222
2016-09-12,0.01784563596717778
2016-09-13,0.009548999568382928
2016-09-14,0.010449087692513613
2016-09-15,0.005783568997003521
2016-09-16,0.004094080457709048
2016-09-19,0.007520958334792601
2016-09-20,0.004399696192451428
2016-09-21,0.0012495578844787898
2016-09-22,0.007568151599173037
2016-09-23,0.005375632642922647
2016-09-26,0.01089891647655801
2016-09-27,0.012085364268330484
2016-09-28,0.009668034966258345
2016-09-29,0.0016022348190232651
2016-09-30,0.007386344226690274
2016-10-03,0.007618069852110914
2016-10-04,0.014533546441009345
2016-10-05,0.00028138160607420453
2016-10-06,0.005680434600334625
2016-10-07,0.0048628965544301175
2016-10-10,0.004545282441455897
2016-10-11,0.004679988917312235
2016-10-12,0.016960890513936865
2016-10-13,0.0046646602943234226
2016-10-14,0.005646208943012051
2016-10-17,0.00381353998230832
2016-10-18,0.005097462555616402
2016-10-19,0.009127801434984813
2016-10-20,0.005941020810345692
2016-10-21,0.009044119885369201
2016-10-24,0.008307783198720636
2016-10-25,0.0072413520964228996
2016-10-26,0.002059876304519508
2016-10-27,0.0015601722314055114
2016-10-28,0.005552142396652757
2016-10-31,0.006332772480821631
2016-11-01,0.005146298747033506
2016-11-02,0.005464851930561262
2016-11-03,0.009507311620778162
2016-11-04,0.0028407768994862734
2016-11-07,0.006081457098385225
2016-11-08,0.017954168648126094
2016-11-09,0.005289702096451005
2016-11-10,0.041603531043340615
2016-11-11,0.03086196444871637
2016-11-14,0.015114246411434074
2016-11-15,0.012219906732320892
2016-11-16,0.0029031232860527254
2016-11-17,0.008427729948006264
2016-11-18,0.010375905491703304
2016-11-21,0.00447144690842489
2016-11-22,0.0015162358922897355
2016-11-23,0.008204856822584383
2016-11-25,0.0033603272252566976
2016-11-28,0.0022008344570063412
2016-11-29,0.007357098583878734
2016-11-30,0.0035895678415538597
2016-12-01,0.006584017407412376
2016-12-02,0.008419486750783281
2016-12-05,0.008503788669359863
2016-12-06,0.005811961127281351
2016-12-07,0.0038304476016311267
2016-12-08,0.010599646673638661
2016-12-09,0.006272506359134478
2016-12-12,0.0008213113061774427
2016-12-13,0.004642029338007663
2016-12-14,0.008452063935959809
2016-12-15,0.06037113201457413
2016-12-16,0.04293995243633189
2016-12-19,0.032277939374746004
2016-12-20,0.03171227979767555
2016-12-21,0.04583032055186264
2016-12-22,0.006103220009223556
2016-12-23,0.02955894398365791
2016-12-27,0.0004837138847445738
2016-12-28,0.0029399399269028096
2016-12-29,0.024415902921034856
2016-12-30,0.005390874809003635
2017-01-03,0.016445080708517454
2017-01-04,0.00967932335927548
2017-01-05,0.023131364192335885
2017-01-06,0.007181973017154028
2017-01-09,0.006655455652965907
2017-01-10,0.013101239330890427
2017-01-11,0.0019071794771146743
2017-01-12,0.0047102475649897346
2017-01-13,0.013550292983659257
2017-01-17,0.0025254953768898466
2017-01-18,0.018605381799863784
2017-01-19,0.009851992136818564
2017-01-20,0.007702763596024302
2017-01-23,0.010444777248374504
2017-01-24,0.005109160036304438
2017-01-25,0.012976405304210546
2017-01-26,0.017770497365542193
2017-01-27,0.004053265055456276
2017-01-30,0.021231149190061957
2017-01-31,0.006474114762436411
2017-02-01,0.005405417886310123
2017-02-02,0.006804968657171885
2017-02-03,0.0034369669793223494
2017-02-06,0.016460431999641742
2017-02-07,0.0073396597184765145
2017-02-08,0.007003628545527167
2017-02-09,0.006310554099534319
2017-02-10,0.012417722303237922
2017-02-13,0.00347270079353155
2017-02-14,0.008983748519327782
2017-02-15,0.0051078439486786946
2017-02-16,0.007920337009627586
2017-02-17,0.00388354364747907
2017-02-21,0.0005487403413531843
2017-02-22,0.006175695795408729
2017-02-23,0.004188478393215018
2017-02-24,0.005457084010869157
2017-02-27,0.0032261531899116765
2017-02-28,0.0038081125505534472
2017-03-01,0.006408277111281282
2017-03-02,0.022900168800614445
2017-03-03,0.017842433963363994
2017-03-06,0.03670216778902988
2017-03-07,0.013790837959029575
2017-03-08,0.01969355999291807
2017-03-09,0.0065260944907951784
2017-03-10,0.011422096159420839
2017-03-13,0.01333374284875549
2017-03-14,0.004287885081263361
2017-03-15,0.0026611865814948838
2017-03-16,0.012903636941212927
2017-03-17,0.002929846515417928
2017-03-20,0.019893828077227112
2017-03-21,0.014872360434092473
2017-03-22,0.026867828161806717
2017-03-23,0.003454292928172807
2017-03-24,0.016807489019765413
2017-03-27,0.011716687379549487
2017-03-28,0.008888720969832705
2017-03-29,0.008183733777541766
2017-03-30,0.016126445350695684
2017-03-31,0.008254064401831263
2017-04-03,0.009945360430681323
2017-04-04,0.007027783191769669
2017-04-05,0.020325866738108368
2017-04-06,0.010823760526555919
2017-04-07,0.014398179699026773
2017-04-10,0.004006242009575474
2017-04-11,0.00704232554196254
2017-04-12,0.005960422308819273
2017-04-13,0.007560408536855278
2017-04-17,0.021537603703093107
2017-04-18,0.014823725435764802
2017-04-19,0.007695365682952276
2017-04-20,0.008428290183241371
2017-04-21,0.01938497184460691
2017-04-24,0.019024618868831444
2017-04-25,0.018233382204750823
2017-04-26,0.007796127734845131
2017-04-27,0.016073392555072435
2017-04-28,0.018356299867885624
2017-05-01,0.011048351260183456
2017-05-02,0.008690849553991683
2017-05-03,0.026917642346466878
2017-05-04,0.005046533457624008
2017-05-05,0.05931844075953475
2017-05-08,0.053303676455063134
2017-05-09,0.008385059454899485
2017-05-10,0.02398806479699783
2017-05-11,0.0012524782333792443
2017-05-12,0.013259359834933331
2017-05-15,0.021832952547337366
2017-05-16,0.008391811666907903
2017-05-17,0.004794463706096797
2017-05-18,0.041035906925819966
2017-05-19,0.00646390711438141
2017-05-22,0.005827104630933809
2017-05-23,0.01840981450320589
2017-05-24,0.004920887721743318
2017-05-25,0.001396634666202868
2017-05-26,0.014957586104445633
2017-05-30,0.008442227647589498
2017-05-31,0.011396801180465096
2017-06-01,0.010270134375714581
2017-06-02,0.03296524127540316
2017-06-05,0.013904287375768983
2017-06-06,0.0025366109537329215
2017-06-07,0.014372587120717446
2017-06-08,0.007014683238916
2017-06-09,0.01575382676729669
2017-06-12,0.018255509222246103
2017-06-13,0.010348164862378967
2017-06-14,0.006803371132670323
2017-06-15,0.007600655626809262
2017-06-16,0.0035491208783357377
2017-06-19,0.006550511660983327
2017-06-20,0.00794772236156539
2017-06-21,0.009547142066930605
2017-06-22,0.012883730678739108
2017-06-23,0.00777577596107353
2017-06-26,0.0026666870909625743
2017-06-27,0.01218253914269134
2017-06-28,0.031036928105536883
2017-06-29,0.023349808223528522
2017-06-30,0.01323074753575543
2017-07-03,0.01782347212116537
2017-07-05,0.01290078386433489
2017-07-06,0.003924546267065528
2017-07-07,0.015413702460062304
2017-07-10,0.009182408011274913
2017-07-11,0.01971833519394304
2017-07-12,0.013116015692872815
2017-07-13,0.011491245919903555
2017-07-14,0.00734277074408521
2017-07-17,0.0056661579097516575
2017-07-18,0.010953280811436482
2017-07-19,0.015143202574748117
2017-07-20,0.004231806491741348
2017-07-21,0.005903553394976904
2017-07-24,0.010478466308166129
2017-07-25,0.009079323356330295
2017-07-26,0.012323951841181657
2017-07-27,0.0098131826077473
2017-07-28,0.02995824894396896
2017-07-31,0.010063833643115323
2017-08-01,0.003991795107177748
2017-08-02,0.011968701515987565
2017-08-03,0.01851856103073847
2017-08-04,0.0068687394631321815
2017-08-07,0.010757086672459306
2017-08-08,0.006433006091900202
2017-08-09,0.010741214161968429
2017-08-10,0.0013631368295054722
2017-08-11,0.023001962974982384
2017-08-14,0.006357009643404844
2017-08-15,0.013268397782418125
2017-08-16,0.004353921090743587
2017-08-17,0.001903930160933925
2017-08-18,0.022910636668086744
2017-08-21,0.0049684992373138955
2017-08-22,0.0308147282490474
2017-08-23,0.027625662524756085
2017-08-24,0.006506537536229328
2017-08-25,0.006451563983084783
2017-08-28,0.004281640077054113
2017-08-29,0.009399268820349922
2017-08-30,0.003368479979000809
2017-08-31,0.004472865643018161
2017-09-01,0.0025368061777073453
2017-09-05,0.0019746139279519506
2017-09-06,0.05031331574522954
2017-09-07,0.004457951294747294
2017-09-08,0.024030110320974536
2017-09-11,0.037750733593161244
2017-09-12,0.039856665695055096
2017-09-13,0.007514854100491596
2017-09-14,0.0048439751796127035
2017-09-15,0.003957129689053522
2017-09-18,0.005717178515163364
2017-09-19,0.014014083282351675
2017-09-20,0.005692983323575248
2017-09-21,0.010058517397213038
2017-09-22,0.00418583119744123
2017-09-25,0.0069615700173402215
2017-09-26,0.004311789306556643
2017-09-27,0.008528982261025912
2017-09-28,0.010443724247842307
2017-09-29,0.005455051038875067
2017-10-02,0.0026479952558874
2017-10-03,0.006794960418720514
2017-10-04,0.00800766937958617
2017-10-05,0.008459439004458176
2017-10-06,0.015549866501236268
2017-10-09,0.009627153152338154
2017-10-10,0.0028437440843767595
2017-10-11,0.020276612979518827
2017-10-12,0.008709351378252666
2017-10-13,0.01650065438901446
2017-10-16,0.005601174778683065
2017-10-17,0.003466314005532682
2017-10-18,0.007899957137192295
2017-10-19,0.01528101700698382
2017-10-20,0.003573040556538054
2017-10-23,0.012984741013309917
2017-10-24,0.0031604711220738846
2017-10-25,0.0075959419124145035
2017-10-26,0.007162084985378492
2017-10-27,0.01290821656926294
2017-10-30,0.009812326912885711
2017-10-31,0.009785981043032542
2017-11-01,0.008066225736059454
2017-11-02,0.006538416991490445
2017-11-03,0.027221131406993303
2017-11-06,0.0039299855638495135
2017-11-07,0.05607848330273323
2017-11-08,0.020645583515238097
2017-11-09,0.00905869135381308
2017-11-10,0.015250354182809834
2017-11-13,0.008577558886475569
2017-11-14,0.0017171208310161005
2017-11-15,0.0110955877341667
2017-11-16,0.006616635394855137
2017-11-17,0.004967418511273889
2017-11-20,0.0003951268960407468
2017-11-21,0.019804235983515325
2017-11-22,0.00729175482716296
2017-11-24,0.006442398944032733
2017-11-27,0.011716280502658117
2017-11-28,0.01055503494744927
2017-11-29,0.022716421718993594
2017-11-30,0.012715995906753168
2017-12-01,0.01414119962340443
2017-12-04,0.007253514353215418
2017-12-05,0.0067762537195718555
2017-12-06,0.01179132163369117
2017-12-07,0.0016943016974884052
2017-12-08,0.00884782502772487
2017-12-11,0.012793104752432394
2017-12-12,0.009832071570830509
2017-12-13,0.011013700562304897
2017-12-14,0.017475336198666994
2017-12-15,0.0068435333622611
2017-12-18,0.014575476735984909
2017-12-19,0.020197308935878976
2017-12-20,0.017613210997070666
2017-12-21,0.005889713112523337
2017-12-22,0.01210190024319989
2017-12-26,0.003065687511769057
2017-12-27,0.015205613279656985
2017-12-28,0.008497477019991604
2017-12-29,0.0034088780693096463
2018-01-02,0.008628312450211633
2018-01-03,0.016993545859746297
2018-01-04,0.015055117050862715
2018-01-05,0.015361577744419737
2018-01-08,0.011363363025327618
2018-01-09,0.0024694956481437474
2018-01-10,0.01417176393812067
2018-01-11,0.011370488041740378
2018-01-12,0.011502317505834922
2018-01-16,0.010495685166792088
2018-01-17,0.01598032411819486
2018-01-18,0.014432737744783248
2018-01-19,0.021067614896695338
2018-01-22,0.014579559552845657
2018-01-23,0.013611174638751894
2018-01-24,0.010262892902384222
2018-01-25,0.010893530466650096
2018-01-26,0.006696832006166983
2018-01-29,0.02444782008894225
2018-01-30,0.021031684077330588
2018-01-31,0.02300239435619917
2018-02-01,0.0024182863084006153
2018-02-02,0.03336459576136165
2018-02-05,0.039954994346096104
2018-02-06,0.07132334673286998
2018-02-07,0.021468047392061484
2018-02-08,0.0013632131866151646
2018-02-09,0.0655455319679408
2018-02-12,0.022094830028238373
2018-02-13,0.015290826710227882
2018-02-14,0.008039358803526818
2018-02-15,0.02156744556394055
2018-02-16,0.009970613403279654
2018-02-20,0.0017117300537404598
2018-02-21,0.005825130067740925
2018-02-22,0.003919371250108151
2018-02-23,0.0069086036619178115
2018-02-26,0.012008595871593954
2018-02-27,0.009170114633173349
2018-02-28,0.02681508473605343
2018-03-01,0.00893021574093176
2018-03-02,0.021207181337671518
2018-03-05,0.02587625270288598
2018-03-06,0.024045561243925262
2018-03-07,0.004669211644552886
2018-03-08,0.0026695717243717526
2018-03-09,0.0035517820981390592
2018-03-12,0.017008273075769506
2018-03-13,0.006366340504767526
2018-03-14,0.00598839201211499
2018-03-15,0.005990294826158666
2018-03-16,0.0014591476051241219
2018-03-19,0.00462438158522689
2018-03-20,0.0059677275670489294
2018-03-21,0.005506379166127265
2018-03-22,0.0060324319036204055
2018-03-23,0.02448431605430556
2018-03-26,0.016570436860933367
2018-03-27,0.015804212275901557
2018-03-28,0.010718355966605751
2018-03-29,0.0010367927805796043
2018-04-02,0.00738676095721927
2018-04-03,0.009996010949481639
2018-04-04,0.006096703365739456
2018-04-05,0.002731996914807043
2018-04-06,0.0018054011402908465
2018-04-09,0.009616434672466784
2018-04-10,0.0014182691323245504
2018-04-11,0.008108385423476796
2018-04-12,0.004523653389315905
2018-04-13,0.005943604800497337
2018-04-16,0.0049471349124092685
2018-04-17,0.006125180514726108
2018-04-18,0.002189496363126854
2018-04-19,0.0012418751247285382
2018-04-20,0.004538540200921674
2018-04-23,0.002980571316261704
2018-04-24,0.0016213275949154247
2018-04-25,0.006230785121081538
2018-04-26,0.0013689793844687964
2018-04-27,0.003084838376062323
2018-04-30,0.008360625775543671
2018-05-01,0.004499029861208103
2018-05-02,0.0011022057719528525
2018-05-03,0.016207113481021426
2018-05-04,0.0037838198882393474
2018-05-07,0.008460631478373377
2018-05-08,0.004819989964845204
2018-05-09,0.003424189068710488
2018-05-10,0.005359602169648883
2018-05-11,0.0031315800895141428
2018-05-14,0.003206905634524859
2018-05-15,0.0018902808955578321
2018-05-16,0.0017534488328623636
2018-05-17,0.0016854139934709897
2018-05-18,0.0016743773145306232
2018-05-21,0.003916704522110072
2018-05-22,0.004513215783013077
2018-05-23,0.007392516076545242
2018-05-24,0.005587669449982657
2018-05-25,0.0034518735727451857
2018-05-29,0.0010334591633680609
2018-05-30,0.015465250635694452
2018-05-31,0.007172762575698552
2018-06-01,0.0027608633031004307
2018-06-04,0.004100505630560499
2018-06-05,0.002750414445666108
2018-06-06,0.00040836645557631307
2018-06-07,0.0065410985018234825
2018-06-08,0.004562935643739717
2018-06-11,0.002901142242558493
2018-06-12,0.004967187917780266
2018-06-13,0.0018118862499386275
2018-06-14,0.00203464465056611
2018-06-15,0.002350923525063676
2018-06-18,0.0017207743425354857
2018-06-19,0.0007673673780629869
2018-06-20,0.000711788588252096
2018-06-21,0.0014168602475274766
2018-06-22,0.0020326188271907637
2018-06-25,0.0010689605921861932
2018-06-26,0.009626577397904146
2018-06-27,0.005363441474999862
2018-06-28,0.007212127565567361
2018-06-29,0.004414496044552664
2018-07-02,0.0004139378644571895
2018-07-03,0.0035118255554323196
2018-07-05,0.004370771095843502
2018-07-06,0.0033554860855085425
2018-07-09,0.003927422773820707
2018-07-10,0.010790418650693545
2018-07-11,0.003761222377596936
2018-07-12,0.0020387642056828633
2018-07-13,0.004546882975711175
2018-07-16,0.005466357329713678
2018-07-17,0.0051818126222973986
2018-07-18,0.0027587612909840617
2018-07-19,0.0052679149794182915
2018-07-20,0.010132672927322377
2018-07-23,0.004102623476793025
2018-07-24,0.006179986905464561
2018-07-25,0.0005691764590125478
2018-07-26,0.005855954041369852
2018-07-27,0.009379127677924306
2018-07-30,0.036937530656066024
2018-07-31,0.01418066193587114
2018-08-01,0.003742588380251507
2018-08-02,0.033747331219022576
2018-08-03,0.015466677605716935
2018-08-06,0.015059775218479319
2018-08-07,0.00350361942960941
2018-08-08,0.018241070900174985
2018-08-09,0.01414172728794274
2018-08-10,0.0019065880956649853
2018-08-13,0.0062073316383557085
2018-08-14,0.0031517777848212147
2018-08-15,0.007100669860650791
2018-08-16,0.011312622916792704
2018-08-17,0.010563817212657789
2018-08-20,0.007499043484603216
2018-08-21,0.008353561952808588
2018-08-22,0.012006131643134858
2018-08-23,0.00364576679029
2018-08-24,0.028063947423414778
2018-08-27,0.0050354956270664275
2018-08-28,0.006076705055126025
2018-08-29,0.0027377970793684703
2018-08-30,0.01755693061596126
2018-08-31,0.005311673864271234
2018-09-04,0.005521040537985477
2018-09-05,0.007119461373989583
2018-09-06,0.004225628584804254
2018-09-07,0.003407771787637506
2018-09-10,0.006060032376530945
2018-09-11,0.00460337523170018
2018-09-12,0.0014274268003348547
2018-09-13,0.03367340513149029
2018-09-14,0.022776840865769508
2018-09-17,0.026815922399249743
2018-09-18,0.020794754123194453
2018-09-19,0.0057718992724389035
2018-09-20,0.019181027905795824
2018-09-21,0.024496454066012023
2018-09-24,0.013742939052363836
2018-09-25,0.011323978191631756
2018-09-26,0.009359781681816918
2018-09-27,0.029838018983665497
2018-09-28,0.005541103745503042
2018-10-01,0.021936724678787524
2018-10-02,0.010986711670714387
2018-10-03,0.015154806240977666
2018-10-04,0.010236894523048523
2018-10-05,0.012293449913698252
2018-10-08,0.010830183920746476
2018-10-09,0.0030882268978190304
2018-10-10,0.011307045149562643
2018-10-11,0.0946457283451661
2018-10-12,0.03811161253813489
2018-10-15,0.010736983143763843
2018-10-16,0.004960307258138453
2018-10-17,0.030091641947319184
2018-10-18,0.006206850623133387
2018-10-19,0.020303640494009602
2018-10-22,0.00881574013776134
2018-10-23,0.031356147702770044
2018-10-24,0.016197471583258703
2018-10-25,0.044615606934495386
2018-10-26,0.02754821954557834
2018-10-29,0.01469068207582717
2018-10-30,0.009315697035139497
2018-10-31,0.026550582350398366
2018-11-01,0.01925022169637255
2018-11-02,0.008861868129172723
2018-11-05,0.001909259505870559
2018-11-06,0.010096742050750337
2018-11-07,0.004705364678024946
2018-11-08,0.021010724556410808
2018-11-09,0.0049069947228487015
2018-11-12,0.006336268284934177
2018-11-13,0.01469434444934375
2018-11-14,0.002354211769050989
2018-11-15,0.014666973516210198
2018-11-16,0.03161769899225181
2018-11-19,0.015031839488788473
2018-11-20,0.011042087387837065
2018-11-21,0.016190952622705906
2018-11-23,0.005917021331241117
2018-11-26,0.002039468006688928
2018-11-27,0.014521882308003298
2018-11-28,0.0030476191324792573
2018-11-29,0.023185936522053863
2018-11-30,0.00559215345324341
2018-12-03,0.005440192111018631
2018-12-04,0.004711155381998335
2018-12-06,0.03747211903624569
2018-12-07,0.0073081299111062495
2018-12-10,0.009457898837706726
2018-12-11,0.007081414379859182
2018-12-12,0.006989362054032273
2018-12-13,0.005302819584943644
2018-12-14,0.003885973462573661
2018-12-17,0.010824613392655088
2018-12-18,0.014444357167770781
2018-12-19,0.010651030768922397
2018-12-20,0.014034719088579665
2018-12-21,0.008114954263734176
2018-12-24,0.014603114916133907
2018-12-26,0.0297960013396386
2018-12-27,0.027378263146498424
2018-12-28,0.009518166324784914
2018-12-31,0.010989803713878109
2019-01-02,0.004090766153310436
2019-01-03,0.0013671643019041542
2019-01-04,0.011432290650057405
2019-01-07,0.014619478754533339
2019-01-08,0.005198294995904916
2019-01-09,0.002623995419840071
2019-01-10,0.00735496260393945
2019-01-11,0.0074202481500909075
2019-01-14,0.0004629613750898329
2019-01-15,0.004148914127063567
2019-01-16,0.006109873864072
2019-01-17,0.010149590510543708
2019-01-18,0.002889469038380603
2019-01-22,0.007819091727196834
2019-01-23,0.008613480779422294
2019-01-24,0.003907299865592908
2019-01-25,0.001489184902280353
2019-01-28,0.0037299638463799767
2019-01-29,0.0013532745449662499
2019-01-30,0.0050910304383153205
2019-01-31,0.0060205837781235
2019-02-01,0.0063074186753720556
2019-02-04,0.008955237248555733
2019-02-05,0.005391285832845827
2019-02-06,0.0022202919497148
2019-02-07,0.003584317306365631
2019-02-08,0.0026328554068210247
2019-02-11,0.0029093888872925794
2019-02-12,0.0012490005433284396
2019-02-13,0.006012952759280205
2019-02-14,0.003194135265166512
2019-02-15,0.004673020349583437
2019-02-19,0.009774949455711557
2019-02-20,0.00276188130061864
2019-02-21,0.003557616936980819
2019-02-22,0.000992633521191802
2019-02-25,0.0028808475806189815
2019-02-26,0.0019538313688527197
2019-02-27,0.0005988987465695471
2019-02-28,0.0032125102756103176
2019-03-01,0.002417599045879515
2019-03-04,0.0022677047976070383
2019-03-05,0.002395593405059266
2019-03-06,0.0021612941441776215
2019-03-07,0.004716027161238945
2019-03-08,0.004906171118872072
2019-03-11,0.0018587034032613503
2019-03-12,0.006221752445044112
2019-03-13,0.0025622966460649736
2019-03-14,0.00307200642357058
2019-03-15,0.0055342625525723575
2019-03-18,0.003720430536591014
2019-03-19,0.0026276960938632216
2019-03-20,0.0040163525136413395
2019-03-21,0.010528805852192558
2019-03-22,0.006708381815931545
2019-03-25,0.014393676766658802
2019-03-26,0.008742023471088836
2019-03-27,0.004544348227130973
2019-03-28,0.0007821111296612906
2019-03-29,0.001991345071233065
2019-04-01,0.0019291798551631248
2019-04-02,0.011830172693272812
2019-04-03,0.00937552747484182
2019-04-04,0.0008698814433098787
2019-04-05,0.023691669880090645
2019-04-08,0.019274044762571475
2019-04-09,0.0011296180626029443
2019-04-10,0.00386703559563891
2019-04-11,0.016451203886244645
2019-04-12,0.003248341886079794
2019-04-15,0.010552517832486778
2019-04-16,0.004668079260289804
2019-04-17,0.012954798333609591
2019-04-18,0.006751225798765616
2019-04-22,0.02034042255385967
2019-04-23,0.014848201308284915
2019-04-24,0.012001605010373454
2019-04-25,0.004546208896039199
2019-04-26,0.014555737592265684
2019-04-29,0.01161288140853398
2019-04-30,0.004264140604890718
2019-05-01,0.0035421170176311717
2019-05-02,0.00938106785588142
2019-05-03,0.002606472731811909
2019-05-06,0.011764364442598298
2019-05-07,0.0009211262444209821
2019-05-08,0.010490049628341623
2019-05-09,0.011608203170637967
2019-05-10,0.0014830859960230985
2019-05-13,0.01105599369084449
2019-05-14,0.017448652717633843
2019-05-15,0.004967482179148623
2019-05-16,0.006179949304629364
2019-05-17,0.010155428418775033
2019-05-20,0.002385245634466294
2019-05-21,0.0018971124401202487
2019-05-22,0.011739809170898664
2019-05-23,0.0029841873675886922
2019-05-24,0.016446137925047642
2019-05-28,0.004995815114748985
2019-05-29,0.006305114483007079
2019-05-30,0.002885300639212581
2019-05-31,0.028415940768585356
2019-06-03,0.011658720285691596
2019-06-04,0.013243105597228993
2019-06-05,0.01793889276940087
2019-06-06,0.010114170467902445
2019-06-07,0.002629989830493006
2019-06-10,0.005977259300906239
2019-06-11,0.008004267236870682
2019-06-12,0.014822791163765545
2019-06-13,0.004895914872055164
2019-06-14,0.01127094087695743
2019-06-17,0.011808800070803352
2019-06-18,0.019245758717496335
2019-06-19,0.03390918611855856
2019-06-20,0.04036674452093865
2019-06-21,0.010105456776816662
2019-06-24,0.0065497686101598125
2019-06-25,0.00730191912397198
2019-06-26,0.009468373890849518
2019-06-27,0.028692940719798943
2019-06-28,0.04206451095643203
2019-07-01,0.009426176017992756
2019-07-02,0.013120484271842541
2019-07-03,0.004162321035333327
2019-07-05,0.005911340996250651
2019-07-08,0.0012087708556156353
2019-07-09,0.00606480498837835
2019-07-10,0.007495268485599287
2019-07-11,0.015079917735424265
2019-07-12,0.004883241279730957
2019-07-15,0.012600292501229984
2019-07-16,0.015980719450743974
2019-07-17,0.0055335701272522485
2019-07-18,0.010974016125006609
2019-07-19,0.006225775929181345
2019-07-22,0.009586107644279074
2019-07-23,0.008771974266135152
2019-07-24,0.01129785321119489
2019-07-25,0.009652685182554683
2019-07-26,0.013382168324839003
2019-07-29,0.010408687899385973
2019-07-30,0.009885239858802238
2019-07-31,0.008576442635788087
2019-08-01,0.013401974269189976
2019-08-02,0.030092697953241376
2019-08-05,0.007511377792968247
2019-08-06,0.04569765180382537
2019-08-07,0.02273343181413716
2019-08-08,0.01053806464471641
2019-08-09,0.021588818404234766
2019-08-12,0.00482760387057825
2019-08-13,0.01574254016238482
2019-08-14,0.007871795306251234
2019-08-15,0.027176441135787488
2019-08-16,0.00961063988003853
2019-08-19,0.00914829820320282
2019-08-20,0.005007131046541886
2019-08-21,0.005998246422260723
2019-08-22,0.0034833751110674837
2019-08-23,0.0049797455859357746
2019-08-26,0.017682822608306514
2019-08-27,0.007430675651422056
2019-08-28,0.008179608593927964
2019-08-29,0.007682469289666144
2019-08-30,0.010347052198391177
2019-09-03,0.0017772529286304104
2019-09-04,0.006460152813553038
2019-09-05,0.0057807222939870034
2019-09-06,0.012662652432472532
2019-09-09,0.0030605767576699187
2019-09-10,0.005870411255678375
2019-09-11,0.020957767581537372
2019-09-12,0.005968240184050736
2019-09-13,0.01979346502174569
2019-09-16,0.001643567712590551
2019-09-17,0.00836063830399898
2019-09-18,0.006513708703754019
2019-09-19,0.0023740806446993987
2019-09-20,0.005736217050455839
2019-09-23,0.014043487024765641
2019-09-24,0.0016750250992545335
2019-09-25,0.005093291105137499
2019-09-26,0.004306106067932549
2019-09-27,0.003973230922612257
2019-09-30,0.0109790752779873
2019-10-01,0.004649471844491623
2019-10-02,0.015819601245940416
2019-10-03,0.014349470180393405
2019-10-04,0.01005669331283565
2019-10-07,0.011480712612632994
2019-10-08,0.012915538015270869
2019-10-09,0.012656897586197124
2019-10-10,0.007817750261519088
2019-10-11,0.00411766346147846
2019-10-14,0.007728275436962848
2019-10-15,0.0003573851057954453
2019-10-16,0.00457914663325276
2019-10-17,0.003641853510225569
2019-10-18,0.0033145812210764597
2019-10-21,0.003140161420961211
2019-10-22,0.01024668414543524
2019-10-23,0.01869913834486539
2019-10-24,0.008934852452832718
2019-10-25,0.004218705132431317
2019-10-28,0.011786345647242725
2019-10-29,0.003520722570065483
2019-10-30,0.0028021973282455464
2019-10-31,0.006453483849329696
2019-11-01,0.013864136868613902
2019-11-04,0.011005951990327037
2019-11-05,0.0014058462778859335
2019-11-06,0.006403098917405139
2019-11-07,0.004331556774401937
2019-11-08,0.0029248290731819105
2019-11-11,0.004678218776943157
2019-11-12,0.0007200856905776945
2019-11-13,0.015753984265816874
2019-11-14,0.003343846560527273
2019-11-15,0.01074505915442084
2019-11-18,0.0014295248316760784
2019-11-19,0.0008561587563448401
2019-11-20,0.012427259728430107
2019-11-21,0.004615575339060016
2019-11-22,0.01979529081805072
2019-11-25,0.00821138632065128
2019-11-26,0.0035327789783622648
2019-11-27,0.006772977133204419
2019-11-29,0.0032218142909221075
2019-12-02,0.0052324984369772395
2019-12-03,0.012887458086531352
2019-12-04,0.007615856077228195
2019-12-05,0.003468999542293374
2019-12-06,0.007115374352473914
2019-12-09,0.01255164056779437
2019-12-10,0.005087917688942888
2019-12-11,0.01378484701518668
2019-12-12,0.004206204876355079
2019-12-13,0.014904046122832342
2019-12-16,0.004588282454730584
2019-12-17,0.011300647032518365
2019-12-18,0.006892453654062415
2019-12-19,0.011352995796921466
2019-12-20,0.010671511266681536
2019-12-23,0.001245800339315312
2019-12-24,0.008225469587740857
2019-12-26,0.0008712414609525782
2019-12-27,0.0055151436467747
2019-12-30,0.006126378499377843
2019-12-31,0.006108482319186799
2020-01-02,0.0036664961557611193
2020-01-03,0.00573343477911936
2020-01-06,0.005019386785552119
2020-01-07,0.002736054821424352
2020-01-08,0.010620468469348833
2020-01-09,0.006236359380887771
2020-01-10,0.006658990133853704
2020-01-13,0.0046303885719558
2020-01-14,0.008895684264045986
2020-01-15,0.007071382370927529
2020-01-16,0.002782944248613051
2020-01-17,0.01136820287479663
2020-01-21,0.009106764442831745
2020-01-22,0.0070937722809784765
2020-01-23,0.010370057710780136
2020-01-24,0.02893605075127073
2020-01-27,0.009187007020836637
2020-01-28,0.03284255338043364
2020-01-29,0.027320287369054175
2020-01-30,0.0037703043197257237
2020-01-31,0.016775628701220006
2020-02-03,0.01603745213226905
2020-02-04,0.02034883485455373
2020-02-05,0.023147213739726773
2020-02-06,0.040914029483488365
2020-02-07,0.00991081191746857
2020-02-10,0.022905309869379237
2020-02-11,0.012325430311971143
2020-02-12,0.014709647669988118
2020-02-13,0.006445795802226534
2020-02-14,0.0035668086524292004
2020-02-18,0.02328214888929462
2020-02-19,0.010828584103506315
2020-02-20,0.005882804503026301
2020-02-21,0.0070525510396153325
2020-02-24,0.019989696766838906
2020-02-25,0.037427324286157346
2020-02-26,0.03943206604140405
2020-02-27,0.014458849717615735
2020-02-28,0.06788059726635054
2020-03-02,0.05241102919617344
2020-03-03,0.07222202204601116
2020-03-04,0.03940841095164724
2020-03-05,0.03574232693791207
2020-03-06,0.03498815007343446
2020-03-09,0.02888431772099696
2020-03-10,0.08466239598451614
2020-03-11,0.03808554099880372
2020-03-12,0.02912414349544161
2020-03-13,0.07535106137980138
2020-03-16,0.06737020409903309
2020-03-17,0.07398064225762198
2020-03-18,0.03238437703385165
2020-03-19,0.0472337298866083
2020-03-20,0.009572923212197352
2020-03-23,0.015943765180901574
2020-03-24,0.01847808291991799
2020-03-25,0.04648757266799981
2020-03-26,0.011353847073916352
2020-03-27,0.024673591156250875
2020-03-30,0.00448520000543292
2020-03-31,0.00558993828256615
2020-04-01,0.004751812279351708
2020-04-02,0.009697613149279706
2020-04-03,0.003321296322894565
2020-04-06,0.003252802309412545
2020-04-07,0.016895610226251696
2020-04-08,0.0013044524493692547
2020-04-09,0.004820439899170678
2020-04-13,0.006886003203436939
2020-04-14,0.0029904292637953998
2020-04-15,0.0025819979812517265
2020-04-16,0.004943680311269643
2020-04-17,0.0016729563440875065
2020-04-20,0.008236376937308654
2020-04-21,0.0020118160950875486
2020-04-22,0.003221740737973223
2020-04-23,0.001796504491606182
2020-04-24,0.0006369694803860099
2020-04-27,0.0014023079703665894
2020-04-28,0.0045860911318868665
2020-04-29,0.0010633039638798213
2020-04-30,0.004974965307796078
2020-05-01,0.0033157049876589312
2020-05-04,0.0032091090260698476
2020-05-05,0.00012668238584295603
2020-05-06,0.00157509083147786
2020-05-07,0.0019674891976812388
2020-05-08,0.0036206974965342625
2020-05-11,0.0022945314433805396
2020-05-12,0.0011998210001069372
2020-05-13,0.0025555252165965006
2020-05-14,0.004046711128183691
2020-05-15,0.0021904739205917748
2020-05-18,0.0002065427434054818
2020-05-19,0.0061590181173490945
2020-05-20,0.0015194165463992878
2020-05-21,0.002100180966024526
2020-05-22,0.0001608860585816732
2020-05-26,9.737898493464292e-05
2020-05-27,0.007117609818164294
2020-05-28,0.004072661956941606
2020-05-29,0.0007821835453488014
2020-06-01,0.00043511186224960523
2020-06-02,0.0007537544227920415
2020-06-03,0.000974117689909593
2020-06-04,0.0054323808037464085
2020-06-05,0.0016796077953933342
2020-06-08,0.0035281112063072894
2020-06-09,0.001985747091465883
2020-06-10,0.0012803536944011717
2020-06-11,0.00321731379007186
2020-06-12,0.00535592377243662
2020-06-15,0.001982815348579449
2020-06-16,0.0008311176982940816
2020-06-17,0.0006917655068661849
2020-06-18,0.0005166604066770292
2020-06-19,0.00016106424937297262
2020-06-22,0.0008008872843719584
2020-06-23,0.0001334565896882918
2020-06-24,6.74166943368474e-05
2020-06-25,0.0017634188267409909
2020-06-26,0.0022063662499460547
2020-06-29,0.002769807620826648
2020-06-30,0.0008442478234737469
2020-07-01,0.0010498099903266198
2020-07-02,0.0006482718915622101
2020-07-06,0.00021890181633813302
2020-07-07,0.0009924349798890938
2020-07-08,0.0012577259507667877
2020-07-09,0.0009720231460049605
2020-07-10,0.00163901828004126
2020-07-13,0.002631837406764377
2020-07-14,0.0002729784721809559
2020-07-15,0.001038385580975451
2020-07-16,0.0018137163028528712
2020-07-17,0.0004687609111503864
2020-07-20,0.0006344194970088254
2020-07-21,0.0006086013105268562
2020-07-22,0.0011930690517820003
2020-07-23,0.0006830374415118558
2020-07-24,0.0010727172001872027
2020-07-27,0.0007140509638852519
2020-07-28,0.0008643383811230473
2020-07-29,0.0015967584377577504
2020-07-30,0.0011458251407181208
2020-07-31,0.0008234448067194183
2020-08-03,0.00043372377544835874
2020-08-04,0.0002739995394392975
2020-08-05,0.00029993965203288855
2020-08-06,0.0012709022568429887
2020-08-07,0.00025692684698138714
2020-08-10,0.0016627155629239752
2020-08-11,0.00032229397842356393
2020-08-12,0.0005032054191681477
2020-08-13,0.0007990738353462149
2020-08-14,0.001885204033809467
2020-08-17,0.0020191054973169864
2020-08-18,0.00044406726142422366
2020-08-19,0.003705697756969408
2020-08-20,0.0028012957262568295
2020-08-21,0.006464898359169394
2020-08-24,0.0029541753741651137
2020-08-25,0.0053849831675496455
2020-08-26,0.0035322091050336256
2020-08-27,0.0024578005739542934
2020-08-28,0.016183508644665057
2020-08-31,0.007808297736213863
2020-09-01,0.005779398359336437
2020-09-02,0.019852170756339462
2020-09-03,0.03727976560430742
2020-09-04,0.036186734962416534
2020-09-08,0.02824045907107941
2020-09-09,0.04779596740036837
2020-09-10,0.008321851467617233
2020-09-11,0.018821175979325044
2020-09-14,0.02316076015199938
2020-09-15,0.07215358747820916
2020-09-16,0.0181683689067458
2020-09-17,0.044175803804054926
2020-09-18,0.009600708825804152
2020-09-21,0.011547428275174883
2020-09-22,0.01610682511885475
2020-09-23,0.022463554352616384
2020-09-24,0.007933894474615804
2020-09-25,0.010307911984324035
2020-09-28,0.0461236810326012
2020-09-29,0.00341451490791324
2020-09-30,0.0160198518348993
2020-10-01,0.019348021133946007
2020-10-02,0.012686256038490978
2020-10-05,0.009498628506995396
2020-10-06,0.014483354192217981
2020-10-07,0.004887385205202381
2020-10-08,0.018893404753995844
2020-10-09,0.009912235052450695
2020-10-12,0.02093632278875901
2020-10-13,0.008297357927211667
2020-10-14,0.007427556093481723
2020-10-15,0.005594351716851753
2020-10-16,0.017710368134077517
2020-10-19,0.001283394731886607
2020-10-20,0.022744095521410792
2020-10-21,0.014665274107392736
2020-10-22,0.015198370348998569
2020-10-23,0.003037641913837672
2020-10-26,0.010605830635264487
2020-10-27,0.018874495432626384
2020-10-28,0.02683364702521646
2020-10-29,0.01725083609565855
2020-10-30,0.007243751532915306
2020-11-02,0.012490147171067903
2020-11-03,0.022309852198632015
2020-11-04,0.012077203930818677
2020-11-05,0.005592680003683067
2020-11-06,0.025672160409942718
2020-11-09,0.00798661401524388
2020-11-10,0.07568120662140088
2020-11-11,0.005355897071910639
2020-11-12,0.00021945995088587262
2020-11-13,0.023359579954567937
2020-11-16,0.014347122995129514
2020-11-17,0.00701470789236497
2020-11-18,0.003660879574281041
2020-11-19,0.005320321779676319
2020-11-20,0.0050178333382847225
2020-11-23,0.014366471972986839
2020-11-24,0.0076251337077611475
2020-11-25,0.02125895074584968
2020-11-27,0.008023177037902283
2020-11-30,0.00720016823013364
2020-12-01,0.01028518473221151
2020-12-02,0.05188922273825064
2020-12-03,0.015071893756160845
2020-12-04,0.006382664829068684
2020-12-07,0.006320613923071205
2020-12-08,0.005137020613162376
2020-12-09,0.0008241138381578318
2020-12-10,0.008628319821411198
2020-12-11,0.0008561192570019889
2020-12-14,0.002863875915030932
2020-12-15,0.02090582472997558
2020-12-16,0.02676887430354457
2020-12-17,0.02844330618277956
2020-12-18,0.005951042638599256
2020-12-21,0.013146529585896606
2020-12-22,0.005862622898063706
2020-12-23,0.003470292219046694
2020-12-24,0.009983378355562334
2020-12-28,0.014556041401284206
2020-12-29,0.016997350534977588
2020-12-30,0.013706660683500939
2020-12-31,0.020210344490383385
2021-01-04,0.009007913590628346
2021-01-05,0.01872405730013904
2021-01-06,0.014605851475867408
2021-01-07,0.03151311472706789
2021-01-08,0.008456608902479434
2021-01-11,0.0003031211491244098
2021-01-12,0.009216382258145115
2021-01-13,0.003355726192236624
2021-01-14,0.007820183950392589
2021-01-15,0.008757232041551932
2021-01-19,0.008668269473250877
2021-01-20,0.010324057785943534
2021-01-21,0.015847860340509543
2021-01-22,0.014054447304964489
2021-01-25,0.007783776437482719
2021-01-26,0.004680599173171618
2021-01-27,0.011055639443773125
2021-01-28,0.043925177592697776
2021-01-29,0.018296774623745585
2021-02-01,0.016027232395525157
2021-02-02,0.018082914875047918
2021-02-03,0.014457550072799558
2021-02-04,0.0027763182342972013
2021-02-05,0.014311080133056358
2021-02-08,0.0017517003947125232
2021-02-09,0.007138043029959738
2021-02-10,0.002694273506838751
2021-02-11,0.004557071751983205
2021-02-12,0.007784401520645083
2021-02-16,0.005200449118637997
2021-02-17,0.009679570216472477
2021-02-18,0.005753828215716123
2021-02-19,0.004590902780342526
2021-02-22,0.007058537032748549
2021-02-23,0.0012490044215707008
2021-02-24,0.005228151845801967
2021-02-25,0.01076624793964152
2021-02-26,0.020036866475786817
2021-03-01,0.02539743878533169
2021-03-02,0.015719100819840712
2021-03-03,0.01953767704290832
2021-03-04,0.013244083358883791
2021-03-05,0.022497366153357477
2021-03-08,0.02467462325350197
2021-03-09,0.011114272146481958
2021-03-10,0.004562709292292586
2021-03-11,0.008574392144602181
2021-03-12,0.0072644923374483375
2021-03-15,0.0038587802439290584
2021-03-16,0.015305164826562453
2021-03-17,0.00568599297894112
2021-03-18,0.01636088510075243
2021-03-19,0.0078084449291338735
2021-03-22,0.011720801629023267
2021-03-23,0.011979713966349063
2021-03-24,0.007661580993973783
2021-03-25,0.0019506017418255339
2021-03-26,0.004556483471034574
2021-03-29,0.00989732625848284
2021-03-30,0.009291317527250337
2021-03-31,0.008289875231013951
2021-04-01,0.007930283764245483
2021-04-05,0.011690426529152621
2021-04-06,0.005553821347694232
2021-04-07,0.006246765106254832
2021-04-08,0.011566878487491343
2021-04-09,0.005866511926880228
2021-04-12,0.005655551759802936
2021-04-13,0.0017727222701949194
2021-04-14,0.011355485145843726
2021-04-15,0.002432644560085971
2021-04-16,0.007219573617317629
2021-04-19,0.004794503622434929
2021-04-20,0.002787347361611475
2021-04-21,0.016817938634450354
2021-04-22,0.017772565381088436
2021-04-23,0.02824202199939747
2021-04-26,0.013553825946508556
2021-04-27,0.007775274693127277
2021-04-28,0.017864141368426047
2021-04-29,0.01506602194057879
2021-04-30,0.01607611813510768
2021-05-03,0.02480647332282702
2021-05-04,0.006536851979406659
2021-05-05,0.13899523588471827
2021-05-06,0.006641630051052281
2021-05-07,0.005959395716313357
2021-05-10,0.013181628938679127
2021-05-11,0.014313373552336733
2021-05-12,0.01810117906044881
2021-05-13,0.017193528897062788
2021-05-14,0.014704931240373684
2021-05-17,0.006586544802101076
2021-05-18,0.008664638296335766
2021-05-19,0.012160677525866588
2021-05-20,0.027441826217591624
2021-05-21,0.00483236500189459
2021-05-24,0.0041014084419602505
2021-05-25,0.014755675391692206
2021-05-26,0.012815510018505985
2021-05-27,0.001587955379356562
2021-05-28,0.00413532026984963
2021-06-01,0.007865631694332728
2021-06-02,0.006634363585060728
2021-06-03,0.00044007466128275115
2021-06-04,0.006537863395920688
2021-06-07,0.00022266046461970855
2021-06-08,0.008512035455943477
2021-06-09,0.00784333947082636
2021-06-10,0.013194564124883795
2021-06-11,0.005149370767812328
2021-06-14,0.003675569692574497
2021-06-15,0.007391509068501876
2021-06-16,0.0033344844805340643
2021-06-17,0.007406918938873401
2021-06-18,0.02432562066373969
2021-06-21,0.015522222293881394
2021-06-22,0.010622709106525678
2021-06-23,0.0033638223468777685
2021-06-24,0.0021715784194185515
2021-06-25,0.007713254052377593
2021-06-28,0.015023428984812914
2021-06-29,0.006609983265368381
2021-06-30,0.04080691425893701
2021-07-01,0.010252358427228311
2021-07-02,0.002921056366180637
2021-07-06,0.004570273960044626
2021-07-07,0.008706044371640586
2021-07-08,0.0036269728456758453
2021-07-09,0.018118310983363306
2021-07-12,0.013570889703517938
2021-07-13,0.004446640684930081
2021-07-14,0.006426624613948669
2021-07-15,0.009244231200484372
2021-07-16,0.00759843602434215
2021-07-19,0.006911133315503625
2021-07-20,0.017107540736401174
2021-07-21,0.040843608554539994
2021-07-22,0.019527989922509457
2021-07-23,0.017338937712757914
2021-07-26,0.020142765461228996
2021-07-27,0.02033046972019222
2021-07-28,0.003901954914003849
2021-07-29,0.023309013325752644
2021-07-30,0.007165498148074999
2021-08-02,0.013100221165368166
2021-08-03,0.003593155471046187
2021-08-04,0.007595432253134993
2021-08-05,0.005211885655440475
2021-08-06,0.009008733254170849
2021-08-09,0.01454234176466291
2021-08-10,0.0009189361101444799
2021-08-11,0.005067980845072608
2021-08-12,0.006326619508926021
2021-08-13,0.003952686061093929
2021-08-16,0.0013411182441347477
2021-08-17,0.017456851491439523
2021-08-18,0.023004977141379484
2021-08-19,0.020406241027418934
2021-08-20,0.03067321925417268
2021-08-23,0.006656338364092742
2021-08-24,0.008553288849667244
2021-08-25,0.028699888078568166
2021-08-26,0.04103683387209597
2021-08-27,0.010876666582457598
2021-08-30,0.007959766640846324
2021-08-31,0.012966195475426072
2021-09-01,0.003728057955858198
2021-09-02,0.006964383772566008
2021-09-03,0.0033799927349137723
2021-09-07,0.007348329811884286
2021-09-08,0.01116822824804601
2021-09-09,0.015118252807192098
2021-09-10,0.01439746453589017
2021-09-13,0.009981693965830275
2021-09-14,0.009417536255761631
2021-09-15,0.010527371739651877
2021-09-16,0.013717679663963511
2021-09-17,0.019452829126367054
2021-09-20,0.013309283151882538
2021-09-21,0.025756990172622403
2021-09-22,0.006142927200782496
2021-09-23,0.022069673098914257
2021-09-24,0.02167010531173516
2021-09-27,0.004397732352476479
2021-09-28,0.005495818391242002
2021-09-29,0.036013166500081226
2021-09-30,0.005691211140461456
2021-10-01,0.012808532868380927
2021-10-04,0.014099561897104118
2021-10-05,0.018369432327228565
2021-10-06,0.021320479409011203
2021-10-07,0.005536661522693894
2021-10-08,0.009114567223801077
2021-10-11,0.010651664928910504
2021-10-12,0.011413580521704427
2021-10-13,0.00498859944483841
2021-10-14,0.025335144434584265
2021-10-15,0.01880719311065276
2021-10-18,0.01088478167309677
2021-10-19,0.0005048936259303997
2021-10-20,0.014185539157195172
2021-10-21,0.013968423796725624
2021-10-22,0.0049286387003315045
2021-10-25,0.008165537843407329
2021-10-26,0.0031731257751296304
2021-10-27,0.006708264225165062
2021-10-28,0.037375048765262694
2021-10-29,0.014449101483240929
2021-11-01,0.018520901686231363
2021-11-02,0.022909376053955804
2021-11-03,0.013399538100831956
2021-11-04,0.009343044568010925
2021-11-05,0.013133543768224535
2021-11-08,0.010989508387789844
2021-11-09,0.006268233684426781
2021-11-10,0.011199891322106572
2021-11-11,0.005472368892843219
2021-11-12,0.0033477735943985088
2021-11-15,0.00581342594206786
2021-11-16,0.001321262589458523
2021-11-17,0.006978016549598352
2021-11-18,0.013841839822144405
2021-11-19,0.006660307881679018
2021-11-22,0.00933556680342919
2021-11-23,0.004208600764034075
2021-11-24,0.010899912683790687
2021-11-26,0.008649844630923316
2021-11-29,0.027002744005490215
2021-11-30,0.00812990747457015
2021-12-01,0.026202309979442614
2021-12-02,0.011683716697729876
2021-12-03,0.021604094111139262
2021-12-06,0.011387909506705268
2021-12-07,0.015179993393973874
2021-12-08,0.03514078210916055
2021-12-09,0.016808990268016043
2021-12-10,0.01561976866310523
2021-12-13,0.0009178066177324938
2021-12-14,0.006860467459180399
2021-12-15,0.005705265608669597
2021-12-16,0.0093596963511558
2021-12-17,0.009310538212957145
2021-12-20,0.013859212129712885
2021-12-21,0.0116822887300955
2021-12-22,0.016482588878229523
2021-12-23,0.0034530537483595802
2021-12-27,0.008094596244103457
2021-12-28,0.005569349632284313
2021-12-29,0.015687810874041447
2021-12-30,0.013637808702479635
2021-12-31,0.0038948057661940608
2022-01-03,0.006925822195920637
2022-01-04,0.005190206360161112
2022-01-05,0.01413094352372412
2022-01-06,0.02143231566352586
2022-01-07,0.01893274284407518
2022-01-10,0.013093750845684038
2022-01-11,0.011418612505702657
2022-01-12,0.013127666991799482
2022-01-13,0.005882354833450031
2022-01-14,0.012258268085721235
2022-01-18,0.006966378705821083
2022-01-19,0.020484919241469394
2022-01-20,0.019671255692925653
2022-01-21,0.005914883139428052
2022-01-24,0.01859794602597165
2022-01-25,0.007173157337119929
2022-01-26,0.008967061185368127
2022-01-27,0.00891979879906926
2022-01-28,0.01053078821334271
2022-01-31,0.024683188605995977
2022-02-01,0.018085220579008313
2022-02-02,0.008563883845676962
2022-02-03,0.0049227536814721445
2022-02-04,0.013536640618999694
2022-02-07,0.010134831759768443
2022-02-08,0.004346828835000821
2022-02-09,0.012185038906780967
2022-02-10,0.014046975223874885
2022-02-11,0.010038880332299318
2022-02-14,0.012635615136742467
2022-02-15,0.005465611940371188
2022-02-16,0.008417170510400002
2022-02-17,0.0031241148136687963
2022-02-18,0.016739626749533026
2022-02-22,0.006328414844079996
2022-02-23,0.003296608892565953
2022-02-24,0.010985332534506396
2022-02-25,0.0020691781603050224
2022-02-28,0.03139348422720569
2022-03-01,0.007560345437214072
2022-03-02,0.029193877018330785
2022-03-03,0.01181590173956797
2022-03-04,0.005148436874191844
2022-03-07,0.012207281355660505
2022-03-08,0.02817945610679422
2022-03-09,0.009379777435343538
2022-03-10,0.019842076135900295
2022-03-11,0.004733134703084805
2022-03-14,0.009250797511801644
2022-03-15,0.004369296119918611
2022-03-16,0.009798844320774557
2022-03-17,0.01448795411538804
2022-03-18,0.007391851710145656
2022-03-21,0.009082427851283454
2022-03-22,0.011444208034930516
2022-03-23,0.007690168282402911
2022-03-24,0.009983573772818333
2022-03-25,0.005924820048671877
2022-03-28,0.00617358482181054
2022-03-29,0.00875584358624214
2022-03-30,0.0077797183401261535
2022-03-31,0.0057587581669022
2022-04-01,0.007777298376065331
2022-04-04,0.003878260492589134
2022-04-05,0.0042271759978543206
2022-04-06,0.0038705490544885725
2022-04-07,0.008991703603631883
2022-04-08,0.004330178940330774
2022-04-11,0.00226687218506845
2022-04-12,0.004590147257555113
2022-04-13,0.006966698016767651
2022-04-14,0.002616822988371845
2022-04-18,0.00443362721274601
2022-04-19,0.0002987840566539522
2022-04-20,0.008470844085261147
2022-04-21,0.018367206086479793
2022-04-22,0.01033480658508729
2022-04-25,0.01994746627182028
2022-04-26,0.0033487733708149805
2022-04-27,0.012942324741437961
2022-04-28,0.00577588490650696
2022-04-29,0.012956160986121873
2022-05-02,0.023540884571976815
2022-05-03,0.0017227690139801433
2022-05-04,0.004855256526006415
2022-05-05,0.016176793843567714
2022-05-06,0.016193426758788515
2022-05-09,0.0042985876774646265
2022-05-10,0.016179113253604757
2022-05-11,0.0008565975918098717
2022-05-12,0.006590101913984922
2022-05-13,0.001555343380612497
2022-05-16,0.010578686111485162
2022-05-17,0.004200890767281973
2022-05-18,0.009505878448207836
2022-05-19,0.011820637312113129
2022-05-20,0.009595712383754812
2022-05-23,0.0016331762289595701
2022-05-24,0.015079509238959735
2022-05-25,0.004511611275203249
2022-05-26,0.010918488182337326
2022-05-27,0.008404038442060087
2022-05-31,0.011402609044970901
2022-06-01,0.006095488461131368
2022-06-02,0.004980327932374605
2022-06-03,0.0063299921406156584
2022-06-06,0.003539274988710297
2022-06-07,0.00354869413564895
2022-06-08,0.002352907964002382
2022-06-09,0.005007925225571613
2022-06-10,0.00735396979414964
2022-06-13,0.011177035727517649
2022-06-14,0.012482259734056245
2022-06-15,0.007522472455229598
2022-06-16,0.0044954845739148454
2022-06-17,0.01592363966265009
2022-06-21,0.004077424668942672
2022-06-22,0.007817079965302828
2022-06-23,0.0001523085666527554
2022-06-24,0.002139370103335962
2022-06-27,0.014999757494489552
2022-06-28,0.003741116556053508
2022-06-29,0.01063217987523209
2022-06-30,0.003799772336950581
2022-07-01,0.005838816690624774
2022-07-05,0.005167556175353987
2022-07-06,0.001597169842776738
2022-07-07,0.0030704079822941764
2022-07-08,0.004095179831082729
2022-07-11,0.0019962180870348534
2022-07-12,0.001557576435200248
2022-07-13,0.005479381697642134
2022-07-14,0.006392630957913064
2022-07-15,0.010925904179707922
2022-07-18,0.014296268530048957
2022-07-19,0.0032527492867432447
2022-07-20,0.006509754679808317
2022-07-21,0.0012070780837912624
2022-07-22,0.003127100210296157
2022-07-25,0.009553078073591782
2022-07-26,0.006796862917498089
2022-07-27,0.004358177654210783
2022-07-28,0.007369609519325239
2022-07-29,0.005488902896802516
2022-08-01,0.006933814302858391
2022-08-02,0.003868687216748594
2022-08-03,0.0036733749497656412
2022-08-04,0.010701495545684316
2022-08-05,0.004339173292612811
2022-08-08,0.004921467787093487
2022-08-09,0.0020132140935759067
2022-08-10,0.0048786028155712695
2022-08-11,0.007507985597621448
2022-08-12,0.007493944961091698
2022-08-15,0.0035217440743376344
2022-08-16,0.0015487527919318895
2022-08-17,0.004733624550713795
2022-08-18,0.0027198152815756183
2022-08-19,0.01703649982877604
2022-08-22,0.00545786628132636
2022-08-23,0.01974071877517347
2022-08-24,0.010517710690790348
2022-08-25,0.0015483811557320945
2022-08-26,0.007944826973600012
2022-08-29,0.016381184823305646
2022-08-30,0.003346343382132074
2022-08-31,0.013093899630449296
2022-09-01,0.003274420590478498
2022-09-02,0.0021036117502634894
2022-09-06,0.005027329479251366
2022-09-07,0.005291369625466921
2022-09-08,0.016522287097098944
2022-09-09,0.006941127151642533
2022-09-12,0.003947717669643361
2022-09-13,0.0024004559699629486
2022-09-14,0.014746033182579362
2022-09-15,0.004871789502874683
2022-09-16,0.0024364522766823406
2022-09-19,0.004836941573434144
2022-09-20,0.0034837210112179436
2022-09-21,0.007682190709839195
2022-09-22,0.006773822191029825
2022-09-23,0.007800056548588058
2022-09-26,0.004867599581860529
2022-09-27,0.004668018666996379
2022-09-28,0.0006376239939808398
2022-09-29,0.005227383570198621
2022-09-30,0.0032022822472398734
2022-10-03,0.003143248494702159
2022-10-04,0.008636087707156159
2022-10-05,0.00916384504135799
2022-10-06,0.0022649822528073528
2022-10-07,0.0035564693928325014
2022-10-10,0.006857353662936311
2022-10-11,0.005120925916149149
2022-10-12,0.005372428464706726
2022-10-13,0.005538399623522169
2022-10-14,0.019470238251093595
2022-10-17,0.009416849356670781
2022-10-18,0.010998938666434093
2022-10-19,0.006096708076932913
2022-10-20,0.008592505172290123
2022-10-21,0.016066382078009284
2022-10-24,0.009642338881089264
2022-10-25,0.005168466640110018
2022-10-26,0.016578465802669404
2022-10-27,0.012270681589445021
2022-10-28,0.005253511156588891
2022-10-31,0.018567716904681248
2022-11-01,0.002566133007958853
2022-11-02,0.0028294746692345916
2022-11-03,0.007052765982663202
2022-11-04,0.012849443020033251
2022-11-07,0.006236825100200893
2022-11-08,0.007505144890008643
2022-11-09,0.013102981389264419
2022-11-10,0.007770266699886789
2022-11-11,0.03357804234404073
2022-11-14,0.0074698194306288
2022-11-15,0.006736206617791177
2022-11-16,0.003031214129418024
2022-11-17,0.005422109044558877
2022-11-18,0.006320861461556252
2022-11-21,0.0022193700962274236
2022-11-22,0.004527497409354448
2022-11-23,0.007480786399426786
2022-11-25,0.0040454161264147125
2022-11-28,0.0013792070207449304
2022-11-29,0.003703660757175352
2022-11-30,0.003720885268491028
2022-12-01,0.011520843004742421
2022-12-02,0.01092080245922879
2022-12-05,0.014271593186996738
2022-12-06,0.010211104494305904
2022-12-07,0.004817360913423205
2022-12-08,0.015101430277043528
2022-12-09,0.0019381549180007875
2022-12-12,0.007266614955463826
2022-12-13,0.0029095795856219665
2022-12-14,0.00044107695841983947
2022-12-15,0.018093017944272476
2022-12-16,0.008065427214719813
2022-12-19,0.0044303603422166
2022-12-20,0.0034093399171176136
2022-12-21,0.003885617680426682
2022-12-22,0.006252511903527951
2022-12-23,0.0028713488521337725
2022-12-27,0.0014308246854363021
2022-12-28,0.004107727727471572
2022-12-29,0.0038565999762211634
2022-12-30,0.004596887721559349
2023-01-03,0.002351563382100531
2023-01-04,0.0033866426555614077
2023-01-05,0.01351057066562071
2023-01-06,0.01487079507619553
2023-01-09,0.00897812396916852
2023-01-10,0.009670865850556931
2023-01-11,0.001665779329713635
2023-01-12,0.0029323298432014358
2023-01-13,0.0016703670861081543
2023-01-17,0.0023311353655251403
2023-01-18,0.005443070371812041
2023-01-19,0.009047142534601173
2023-01-20,0.007595287762559684
2023-01-23,0.009807481100569379
2023-01-24,0.008438325072158978
2023-01-25,0.003147168614353776
2023-01-26,0.006499016206310548
2023-01-27,0.002806605184959063
2023-01-30,0.0024585767132920986
2023-01-31,0.0017612563720850799
2023-02-01,0.004361945105876843
2023-02-02,0.0076660150741975
2023-02-03,0.00349913592412058
2023-02-06,0.0044841191235096495
2023-02-07,0.001028009142870349
2023-02-08,0.005267996442717979
2023-02-09,0.003617176175452051
2023-02-10,0.005085158657547646
2023-02-13,0.0058533327848915295
2023-02-14,0.007136749832756926
2023-02-15,0.003979556010842629
2023-02-16,0.0012059645951011744
2023-02-17,0.004206806875491063
2023-02-21,0.008461752565184676
2023-02-22,0.006228760549806783
2023-02-23,0.001869461523132658
2023-02-24,0.0019183691355560408
2023-02-27,0.0018058537977607607
2023-02-28,0.002569514346203022
2023-03-01,0.0010850521215192794
2023-03-02,0.007030718609250618
2023-03-03,0.004901597691968935
2023-03-06,0.0042926186894674005
2023-03-07,0.002296785206574006
2023-03-08,0.015435867274946405
2023-03-09,0.00185134024567032
2023-03-10,0.02033893033504711
2023-03-13,0.01912658050015322
2023-03-14,0.048668385225773526
2023-03-15,0.015218703579074568
2023-03-16,0.01693655319950868
2023-03-17,0.01742405595169721
2023-03-20,0.01906413536782806
2023-03-21,0.00885761886456483
2023-03-22,0.014526431604237888
2023-03-23,0.009947268685435093
2023-03-24,0.007496119601237732
2023-03-27,0.0032605160359928864
2023-03-28,0.009940515821234761
2023-03-29,0.013277926735997706
2023-03-30,0.006300874424289368
2023-03-31,0.0038534657566154373
2023-04-03,0.011638292935027881
2023-04-04,0.0009539690135164682
2023-04-05,0.0055628423459891324
2023-04-06,0.002437160223514598
2023-04-10,0.016625802027148452
2023-04-11,0.018339965957464344
2023-04-12,0.013859444287861846
2023-04-13,0.00447353019652874
2023-04-14,0.009054780503295931
2023-04-17,0.010171910466868698
2023-04-18,0.015247170914443671
2023-04-19,0.007202878398548547
2023-04-20,0.011699830025942201
2023-04-21,0.003681271797984142
2023-04-24,0.0065880266259068215
2023-04-25,0.019256802572362956
2023-04-26,0.010821445183181452
2023-04-27,0.003920042689238903
2023-04-28,0.012285012920931416
2023-05-01,0.013837590878297827
2023-05-02,0.012512246956947934
2023-05-03,0.015929076263345904
2023-05-04,0.010967800442921248
2023-05-05,0.016267434784228367
2023-05-08,0.06478836632903673
2023-05-09,0.001551898678097777
2023-05-10,0.011021444103464926
2023-05-11,0.005554347278205875
2023-05-12,0.002029446039214653
2023-05-15,0.002527963430727336
2023-05-16,0.005133339955759997
2023-05-17,0.004573623057304482
2023-05-18,0.015393066910444142
2023-05-19,0.005792356782935789
2023-05-22,0.0019358630602430713
2023-05-23,0.007845656326238671
2023-05-24,0.01263675604356205
2023-05-25,0.019795133407316177
2023-05-26,0.0010522808931141634
2023-05-30,0.002655484848897706
2023-05-31,0.013338638038888422
2023-06-01,0.010769143256532625
2023-06-02,0.006408012396127813
2023-06-05,0.011095277961697843
2023-06-06,0.0030094729206525464
2023-06-07,0.009069369029010144
2023-06-08,0.00368771974929923
2023-06-09,0.006116983705826098
2023-06-12,0.014298410059865369
2023-06-13,0.006945157813123246
2023-06-14,0.005526906801688194
2023-06-15,0.002744204273916093
2023-06-16,0.012628909589138627
2023-06-20,0.005061531662623697
2023-06-21,0.0039991790169725955
2023-06-22,0.0008903455935640441
2023-06-23,0.006809634283172412
2023-06-26,0.00811390576537826
2023-06-27,0.0026295113356707466
2023-06-28,0.004117274694504829
2023-06-29,0.008333517341066495
2023-06-30,0.010269176496773324
2023-07-03,0.018441042597993187
2023-07-05,0.0032263447574878215
2023-07-06,0.003051680266274551
2023-07-07,0.007203786052966367
2023-07-10,0.0035627261528421187
2023-07-11,0.003710231910448683
2023-07-12,0.005765019737260866
2023-07-13,0.007697185598635593
2023-07-14,0.010641743700937038
2023-07-17,0.013720003387366583
2023-07-18,0.007200765763697327
2023-07-19,0.00744366155881193
2023-07-20,0.003378590575973485
2023-07-21,0.009583978534708161
2023-07-24,0.00183448643882308
2023-07-25,0.0043387255344984905
2023-07-26,0.00766013958249418
2023-07-27,0.007314371273404582
2023-07-28,0.012242808877581753
2023-07-31,0.003511097865612151
2023-08-01,0.002375269873592473
2023-08-02,0.008994705110102124
2023-08-03,0.006767887265049576
2023-08-04,0.010283132226925494
2023-08-07,0.004572619534316151
2023-08-08,0.007870240651911477
2023-08-09,0.00936823380774603
2023-08-10,0.004600732170836204
2023-08-11,0.006439488073783949
2023-08-14,0.0010362779305701448
2023-08-15,0.012665920142102572
2023-08-16,0.008346162902520979
2023-08-17,0.0004875758250849453
2023-08-18,0.0038203502669005643
2023-08-21,0.0009977986326857808
2023-08-22,0.0008067710791678324
2023-08-23,0.005736121149960849
2023-08-24,0.004964091355799652
2023-08-25,0.007439966984100958
2023-08-28,0.00203557342928709
2023-08-29,0.014346735051513432
2023-08-30,0.007511465661942328
2023-08-31,0.024216173357458258
2023-09-01,0.02985838651227538
2023-09-05,0.056154755470316176
2023-09-06,0.03342887298242547
2023-09-07,0.032512259174936345
2023-09-08,0.031461275659294546
2023-09-11,0.034788191982708716
2023-09-12,0.022077767510819385
2023-09-13,0.0340245666211963
2023-09-14,0.02028398506432009
2023-09-15,0.01427423974084941
2023-09-18,0.006509300845133954
2023-09-19,0.013023781245970738
2023-09-20,0.004760944233835573
2023-09-21,0.014626268306199662
2023-09-22,0.02081932937946199
2023-09-25,0.011934429798289386
2023-09-26,0.0010654758392359626
2023-09-27,0.015879659300938563
2023-09-28,0.0025918502341924577
2023-09-29,0.006708452940585677
2023-10-02,0.008981264175371543
2023-10-03,0.009639878410519873
2023-10-04,0.014727531636841481
2023-10-05,0.017151009496318696
2023-10-06,0.0036188048921158315
2023-10-09,0.01431088279255653
2023-10-10,0.004309383291011798
2023-10-11,0.00679171807427219
2023-10-12,0.007022665545859339
2023-10-13,0.013290824840929702
2023-10-16,0.004620654276747714
2023-10-17,0.024013439237493717
2023-10-18,0.013592586307037226
2023-10-19,0.025223625710453727
2023-10-20,0.019853531349096017
2023-10-23,0.016524482042637033
2023-10-24,0.027251712632607235
2023-10-25,0.0216291180381002
2023-10-26,0.023007849183739607
2023-10-27,0.030930597150588705
2023-10-30,0.02997715427741783
2023-10-31,0.015139742266892256
2023-11-01,0.009022670522701288
2023-11-02,0.013211799028292
2023-11-03,0.043030191083252484
2023-11-06,0.022313037639001543
2023-11-07,0.012864296400588036
2023-11-08,0.02603208888003046
2023-11-09,0.00874719173461681
2023-11-10,0.003399630580996153
2023-11-13,0.010420124454947902
2023-11-14,0.024763686033112135
2023-11-15,0.027752144445176985
2023-11-16,0.004414019241676957
2023-11-17,0.0054390798571784344
2023-11-20,0.003418444007734683
2023-11-21,0.018671698769491422
2023-11-22,0.00800983035389232
2023-11-24,0.022362248392149727
2023-11-27,0.004941999777443954
2023-11-28,0.015687868257557858
2023-11-29,0.008422383200070258
2023-11-30,0.005365268828411032
2023-12-01,0.01463928811719086
2023-12-04,0.01952784662690058
2023-12-05,0.010394596671429454
2023-12-06,0.011571985848860848
2023-12-07,0.02300795843158391
2023-12-08,0.002413731569013717
2023-12-11,0.00982108138469414
2023-12-12,0.008985883817695238
2023-12-13,0.01023121455665831
2023-12-14,0.026535953080518787
2023-12-15,0.00633658825190668
2023-12-18,0.013276651105037937
2023-12-19,0.005665785361048165
2023-12-20,0.013629831181828846
2023-12-21,0.018491780429073228
2023-12-22,0.009512731475580237
2023-12-26,0.005233812186792392
2023-12-27,0.00845296144523493
2023-12-28,0.0045145334492766994
2023-12-29,0.0021405627698174463
2024-01-02,0.009846016241537824
2024-01-03,0.0017858826552381293
2024-01-04,0.01776470278000099
2024-01-05,0.014309626557475412
2024-01-08,0.012658482871259218
2024-01-09,0.019250287136956545
2024-01-10,0.009223874187466898
2024-01-11,0.013848274885381135
2024-01-12,0.00253886358330333
2024-01-16,0.005519081394278641
2024-01-17,0.00909924600391819
2024-01-18,0.01417686825729796
2024-01-19,0.022308640411746235
2024-01-22,0.01897991807714811
2024-01-23,0.005199193676733093
2024-01-24,0.0016477461822645128
2024-01-25,0.005861002082012982
2024-01-26,0.005440256584804351
2024-01-29,0.008683403060977835
2024-01-30,0.00940540846037181
2024-01-31,0.015342183786133291
2024-02-01,0.011474877998432102
2024-02-02,0.006448533520383055
2024-02-05,0.007254681621863037
2024-02-06,0.009601298106506508
2024-02-07,0.015304732829790618
2024-02-08,0.010851215970246342
2024-02-09,0.012125046692273524
2024-02-12,0.00810261817443407
2024-02-13,0.007815075245090038
2024-02-14,0.022497756599014283
2024-02-15,0.01668435571581507
2024-02-16,0.014770147313992898
2024-02-20,0.005011161264557134
2024-02-21,0.008493097541749019
2024-02-22,0.007569955518791485
2024-02-23,0.016984058331156834
2024-02-26,0.003337100557119406
2024-02-27,0.009949917455044595
2024-02-28,0.01734716353238541
2024-02-29,0.006057431675245396
2024-03-01,0.0031575916231535916
2024-03-04,0.008269679019492356
2024-03-05,0.00446465892797264
2024-03-06,0.006368783067581168
2024-03-07,0.007460923137054117
2024-03-08,0.010811906136944884
2024-03-11,0.006582837523414751
2024-03-12,0.002912800399959169
2024-03-13,0.005298558685543381
2024-03-14,0.003947525376633269
2024-03-15,0.02333063055539899
2024-03-18,0.004767805684825676
2024-03-19,0.0006174289857981928
2024-03-20,0.013890862980517966
2024-03-21,0.00987057830094721
2024-03-22,0.007217028928839282
2024-03-25,0.0183890575365648
2024-03-26,0.010245190776732943
2024-03-27,0.021443289979357714
2024-03-28,0.018776402347954704
2024-04-01,0.00579855830603421
2024-04-02,0.013838070724665724
2024-04-03,0.007936063212014708
2024-04-04,0.004330282081274678
2024-04-05,0.016588525659722058
2024-04-08,0.01495075013049289
2024-04-09,0.007473818196764048
2024-04-10,0.023846697753650826
2024-04-11,0.023237132109685536
2024-04-12,0.04535066027993085
2024-04-15,0.027558842691548784
2024-04-16,0.032710734774104466
2024-04-17,0.013409834837975632
2024-04-18,0.017189290647878656
2024-04-19,0.012579647320150673
2024-04-22,0.01905855997642519
2024-04-23,0.03625871015746031
2024-04-24,0.020878628505206564
2024-04-25,0.012357746262034345
2024-04-26,0.024473634970350537
2024-04-29,0.056706751576703525
2024-04-30,0.027126080791605892
2024-05-01,0.01406113875004512
2024-05-02,0.005955778046984191
2024-05-03,0.004723512625814034
2024-05-06,0.007649739584506221
2024-05-07,0.027064794369171096
2024-05-08,0.0025540728799149683
2024-05-09,0.03645483643428618
2024-05-10,0.007832725304172157
2024-05-13,0.0020950052249895474
2024-05-14,0.010878375973429576
2024-05-15,0.005009810055452203
2024-05-16,0.005252842078597919
2024-05-17,0.003699991224155038
2024-05-20,0.006479891595999733
2024-05-21,0.014581166401203789
2024-05-22,0.008796965456057088
2024-05-23,0.01021930395161727
2024-05-24,0.026296004978434134
2024-05-28,0.014826582107351587
2024-05-29,0.02113527472696196
2024-05-30,0.01231639921011381
2024-05-31,0.012092070334732388
2024-06-03,0.016689051398127208
2024-06-04,0.012243947731898363
2024-06-05,0.01605892973560938
2024-06-06,0.0062104356777604435
2024-06-07,0.028636234987383692
2024-06-10,0.006695302482980446
2024-06-11,0.011248399776966189
2024-06-12,0.020149707766711725
2024-06-13,0.010021718636689249
2024-06-14,0.023706360131333898
2024-06-17,0.013156198924125418
2024-06-18,0.01308790727662181
2024-06-20,0.004318018625586476
2024-06-21,0.0102567299211591
2024-06-24,0.004128745027981715
2024-06-25,0.009031439318725906
2024-06-26,0.012109954161045029
2024-06-27,0.02587665746759912
2024-06-28,0.004167957337467899
2024-07-01,0.005175757305153134
2024-07-02,0.01339276356553743
2024-07-03,0.014522914421588588
2024-07-05,0.0053130124691198955
2024-07-08,0.005325286726349568
2024-07-09,0.003276088374602728
2024-07-10,0.008758506395740176
2024-07-11,0.010828989262037361
2024-07-12,0.01511110232313349
2024-07-15,0.026721245656716665
2024-07-16,0.018887087316830163
2024-07-17,0.01715751831225803
2024-07-18,0.012787326043586313
2024-07-19,0.01848912802780505
2024-07-22,0.02596770535434056
2024-07-23,0.01116386550098979
2024-07-24,0.008838552938541059
2024-07-25,0.02690371248619735
2024-07-26,0.012931831706296908
2024-07-29,0.03197419768989474
2024-07-30,0.009818632786004158
2024-07-31,0.015470528132416533
2024-08-01,0.011651878457154253
2024-08-02,0.032868995400830825
2024-08-05,0.06090921394128554
2024-08-06,0.055260548797813946
2024-08-07,0.027537038073147495
2024-08-08,0.01657123025373855
2024-08-09,0.020591831851877587
2024-08-12,0.005986769818694061
2024-08-13,0.008695026077075823
2024-08-14,0.007922173380762195
2024-08-15,0.021452339104295007
2024-08-16,0.01027585566640739
2024-08-19,0.00685552698382134
2024-08-20,0.006270364843926583
2024-08-21,0.005679446461164509
2024-08-22,0.0021163215437586787
2024-08-23,0.00564816336728034
2024-08-26,0.011721838344119257
2024-08-27,0.004500469958598767
2024-08-28,0.003800654131178493
2024-08-29,0.0024088123049593796
2024-08-30,0.005616041528684779
2024-09-03,0.004887721165134103
2024-09-04,0.008872947613953585
2024-09-05,0.0032839609461470997
2024-09-06,0.01534169801040714
2024-09-09,0.014361764858174496
2024-09-10,0.009443418118975264
2024-09-11,0.00711321225197847
2024-09-12,0.012403683125128335
2024-09-13,0.01309279544832478
2024-09-16,0.01917735690205348
2024-09-17,0.011195088499067515
2024-09-18,0.004240813856774109
2024-09-19,0.012963424423810758
2024-09-20,0.12709866030487404
2024-09-23,0.02429140928811515
2024-09-24,0.008441772306243692
2024-09-25,0.01979273998781695
2024-09-26,0.12925033268199954
2024-09-27,0.011458253914339663
2024-09-30,0.005884563074134859
2024-10-01,0.016842635546172033
2024-10-02,0.021290471920464626
2024-10-03,0.1268505016694718
2024-10-04,0.021020911616982104
2024-10-07,0.028346943672698372
2024-10-08,0.12878778321002074
2024-10-09,0.009250695861459489
2024-10-10,0.0074493651158938304
2024-10-11,0.15127861735907538
2024-10-14,0.016904105407006056
2024-10-15,0.009127203613175651
2024-10-16,0.013499722417534053
2024-10-17,0.023190210439141032
2024-10-18,0.030163308112336876
2024-10-21,0.013692313999955555
2024-10-22,0.021372818407829494
2024-10-23,0.005526870910142633
2024-10-24,0.004230529615671046
2024-10-25,0.00453227180999323
2024-10-28,0.02324184128588274
2024-10-29,0.009871037907140764
2024-10-30,0.007071007171431344
2024-10-31,0.006515153839219762
2024-11-01,0.022166672176842678
2024-11-04,0.009793088666415144
2024-11-05,0.00853183589180412
2024-11-06,0.013758110409560438
2024-11-07,0.13138407154894466
2024-11-08,0.012149255227848082
2024-11-11,0.011370491180868704
2024-11-12,0.011125343595831784
2024-11-13,0.00511031393334698
2024-11-14,0.014847635566776436
2024-11-15,0.010497130869156324
2024-11-18,0.030776528168017427
2024-11-19,0.012034208980772107
2024-11-20,0.007422891855679203
2024-11-21,0.016116935065904295
2024-11-22,0.014969956998746481
2024-11-25,0.010287851087984162
2024-11-26,0.0034519307831668883
2024-11-27,0.0060143777999262325
2024-11-29,0.0012967897703127882
2024-12-02,0.0030993665792892733
2024-12-03,0.018181674137213256
2024-12-04,0.007748273183499595
2024-12-05,0.006603951578796491
2024-12-06,0.005234508462767507
2024-12-09,0.01595525158215024
2024-12-10,0.01707562101181948
2024-12-11,0.00914568566474151
2024-12-12,0.003412077980073828
2024-12-13,0.005666301354657274
2024-12-16,0.010052950288083293
2024-12-17,0.006769045903269198
2024-12-18,0.00764315337996823
2024-12-19,0.030412421860266832
2024-12-20,0.002719938330335395
2024-12-23,0.010246416135811958
2024-12-24,0.002619417050162203
2024-12-26,0.005272587774337697
2024-12-27,0.0037197858659740466
2024-12-30,0.004328221483485887
2024-12-31,0.012775168402784325
2025-01-02,0.011754154184081735
2025-01-03,0.009005845864048912
2025-01-06,0.014376234834701043
2025-01-07,0.02196204643062441
2025-01-08,0.00812013997035977
2025-01-10,0.008893751539085847
2025-01-13,0.028773327214245387
2025-01-14,0.008104790906217702
2025-01-15,0.009788779687738438
2025-01-16,0.024764720257989727
2025-01-17,0.010093900881077703
2025-01-21,0.018315363467051794
2025-01-22,0.00745651027710836
2025-01-23,0.015585593731639688
2025-01-24,0.0063810036907553085
2025-01-27,0.021879553340305384
2025-01-28,0.043297220979545074
2025-01-29,0.042874014199262615
2025-01-30,0.02061290003077692
2025-01-31,0.010946213635016872
2025-02-03,0.01171074221663846
2025-02-04,0.011104416443717067
2025-02-05,0.010414270464267815
2025-02-06,0.012032853526990354
2025-02-07,0.011977844207453472
2025-02-10,0.007987984625909715
2025-02-11,0.009463404596737867
2025-02-12,0.008557934182160772
2025-02-13,0.012552838729690655
2025-02-14,0.0076768515370247824
2025-02-18,0.010712181951346846
2025-02-19,0.012303552030725399
2025-02-20,0.003264624406518181
2025-02-21,0.010730329870517544
2025-02-24,0.014774591987288772
2025-02-25,0.005309377378767118
2025-02-26,0.005359294391102634
2025-02-27,0.012440658640730257
2025-02-28,0.005525499006631054
2025-03-03,0.15499233719067065
2025-03-04,0.017850358141887537
2025-03-05,0.058295503104024524
2025-03-06,0.00772818238316998
2025-03-07,0.023128116625688096
2025-03-10,0.0034877011795115126
2025-03-11,0.040062616760265644
2025-03-12,0.03990449820869944
2025-03-13,0.010709898452598163
2025-03-14,0.015664929952390376
2025-03-17,0.014305955213827186
2025-03-18,0.013949016863247787
2025-03-19,0.013746957006460437
2025-03-20,0.015370983278578165
2025-03-21,0.010195819105323698
2025-03-24,0.00979743334271904
2025-03-25,0.01280733980542247
2025-03-26,0.005782686795970761
2025-03-27,0.002563129995424752
2025-03-28,0.004441864475125753
2025-03-31,0.14088486827598662
2025-04-01,0.14596801570357207
2025-04-02,0.15690920649218976
2025-04-03,0.021470191085868767
2025-04-04,0.16807583104662965
2025-04-07,0.13010612902730334
2025-04-08,0.018894946205979
2025-04-09,0.00503801996705514
2025-04-10,0.07191923917360726
2025-04-11,0.022600207533502552
2025-04-14,0.011823383714063
2025-04-15,0.005160196827002209
2025-04-16,0.019918602803300968
2025-04-17,0.019611755822805995
2025-04-21,0.0007350486278836594
2025-04-22,0.010466792974410433
2025-04-23,0.01724203532879074
2025-04-24,0.0060266192709934685
2025-04-25,0.0073465462289398495
2025-04-28,0.004342429505255452
2025-04-29,0.0073052961921706416
2025-04-30,0.006374636684739295
2025-05-01,0.0026113080300535114
2025-05-02,0.005464452995387164
2025-05-05,0.07245930035864026
2025-05-06,0.004605346795546411
2025-05-07,0.003070040569543607
2025-05-08,0.00617756898951655
2025-05-09,0.0061423203926426985
2025-05-12,0.000598106642614271
2025-05-13,0.020805756962598294
2025-05-14,0.001604255472052312
2025-05-15,0.002495315864176775
2025-05-16,0.007825107316618162
2025-05-19,0.0020756693326589113
2025-05-20,0.0037370583640481906
2025-05-21,0.003603031780421616
2025-05-22,0.008767058211201769
2025-05-23,0.002853522928505512
2025-05-27,0.0008350958234965011
2025-05-28,0.004614880154098931
2025-05-29,0.0031810009933968177
2025-05-30,0.002375568287758854
2025-06-02,0.0014809586111903137
2025-06-03,0.0004636602036396679
2025-06-04,0.004139206683540184
2025-06-05,0.00555845541467613
2025-06-06,0.0026762490140303397
2025-06-09,0.002408798054267325
2025-06-10,0.006457991266433468
2025-06-11,0.0010548376154147065
2025-06-12,0.0019041655180855
2025-06-13,0.0034989887262068626
2025-06-16,0.01490201601687343
2025-06-17,0.0027526982602352097
2025-06-18,0.00390715418119597
2025-06-20,0.0013411890098328442
2025-06-23,0.00212480423966632
2025-06-24,0.004014945739912071
2025-06-25,0.002362935743514664
2025-06-26,0.004524814567271367
2025-06-27,0.002553409886173445
2025-06-30,0.002183669144903781
2025-07-01,0.003966177533424824
2025-07-02,0.006524761198882801
2025-07-03,0.0033430345019352216
2025-07-07,0.0024598424256447367
2025-07-08,0.011634804540714205
2025-07-09,0.004093931447548846
2025-07-10,0.0036401694928606737
2025-07-11,0.010388719615205214
2025-07-14,0.004681576612553098
2025-07-15,0.0023396758472025263
2025-07-16,0.008775440525966733
2025-07-17,0.004149192817980496
2025-07-18,0.0032231559953751193
2025-07-21,0.0011361231710749313
2025-07-22,0.007693100149424528
2025-07-23,0.003770916330198098
2025-07-24,0.001526465101526311
2025-07-25,0.0034631542544241835
2025-07-28,0.002731547250479722
2025-07-29,0.00816713334249398
2025-07-30,0.00307520851999116
2025-07-31,0.002574978158456468
2025-08-01,0.0027997333721024604
2025-08-04,0.006562431464532747
2025-08-05,0.006883249792340209
2025-08-06,0.001867687858169367
2025-08-07,0.0031796948927698635
2025-08-08,0.004041743769424065
2025-08-11,0.004163504673236179
2025-08-12,0.003892251476705198
2025-08-13,0.00565205755361727
2025-08-14,0.009659463404888347
2025-08-15,0.004813550361524635
2025-08-18,0.003948768378467436
2025-08-19,0.0011126472864673971
2025-08-20,0.002609565456222384
2025-08-21,0.0035392215706862625
2025-08-22,0.006627703892791252
2025-08-25,0.007189397531351788
2025-08-26,0.021401526534112033
2025-08-27,0.0022748832470069324
2025-08-28,0.00588164777938894
2025-08-29,0.0014374171762358435
2025-09-02,0.019292012502752025
2025-09-03,0.008542044204869316
2025-09-04,0.002049770413120138
2025-09-05,0.002943720342292489
2025-09-08,0.013393533245908211
2025-09-09,0.005491653774595686
2025-09-10,0.001651662687043298
2025-09-11,0.002779764466947764
2025-09-12,0.0065049213668017004
2025-09-15,0.003325974532063042
2025-09-16,0.007991561733667163
2025-09-17,0.002308247212855034
2025-09-18,0.0039672652113353505
2025-09-19,0.001228569615269029
2025-09-22,0.007985159319917222
2025-09-23,0.005847086444134484
2025-09-24,0.0008584345487853817
2025-09-25,0.0023166368745401776
2025-09-26,0.062080882880359664
2025-09-29,0.11574871257806406
2025-09-30,0.03173594070191013
2025-10-01,0.008081415161560024
2025-10-02,0.10270833431567863
2025-10-03,0.047823329589468735
2025-10-06,0.019241565752738297
2025-10-07,0.009329510561217828
2025-10-08,0.0038629767954904224
2025-10-09,0.014558905506533439
2025-10-10,0.004134153402786639
2025-10-13,0.044270425345866046
2025-10-14,0.042997819121769115
2025-10-15,0.016014637228020913
2025-10-16,0.025587047904511065
2025-10-17,0.05943643755742864
2025-10-20,0.015630431305556365
2025-10-21,0.02321885489173101
2025-10-22,0.00736777037471484
2025-10-23,0.007544147190442054
2025-10-24,0.025071672521661453
2025-10-27,0.007369624005177274
2025-10-28,0.0033681693908918613
2025-10-29,0.02153157211845099
2025-10-30,0.058478138015357645
2025-10-31,0.0031517926006513174
2025-11-03,0.050976767344041066
2025-11-04,0.0022218971414600143
2025-11-05,0.011017730512692513
2025-11-06,0.016256517454522543
2025-11-07,0.0055080132904699935
2025-11-10,0.012354434216364937
2025-11-11,0.004877410682958255
2025-11-12,0.02620569496052927
2025-11-13,0.005498923575898942
2025-11-14,0.012975812893646202
2025-11-17,0.01183474774913539
2025-11-18,0.021990810779895772
2025-11-19,0.003785682613137339
2025-11-20,0.002014829693116669
2025-11-21,0.004251622227672852
2025-11-24,0.01586850996121783
2025-11-25,0.007988748704688743
2025-11-26,0.00883087487873761
2025-11-28,0.00871245203862544
2025-12-01,0.01389227131095862
2025-12-02,0.008573539612060942
2025-12-03,0.0031568743395368254
2025-12-04,0.014144678746590575
2025-12-05,0.013561146718616711
2025-12-08,0.00938578992051858
2025-12-09,0.007316540743893341
2025-12-10,0.007558332724372734
2025-12-11,0.017343203428240868
2025-12-12,0.02600521313087479
2025-12-15,0.018861069801057152
2025-12-16,0.01682574693339481
2025-12-17,0.013419832811682584
2025-12-18,0.004925366244489089
2025-12-19,0.010949450044520205
2025-12-22,0.009750973520622583
2025-12-23,0.016712090663680033
2025-12-24,0.007328034250621143
2025-12-26,0.01196616535316119
2025-12-29,0.0066016152419752765
2025-12-30,0.0021321939883611925
2025-12-31,0.0046871258318593465
