Date,OOS_Return
2017-01-04,0.014272883282419806
2017-01-05,-0.0042928167880683325
2017-01-06,0.0070340199780502604
2017-01-09,-0.008273720791362259
2017-01-10,0.0008025028537203665
2017-01-11,0.00289685882569354
2017-01-12,-0.004869281674614657
2017-01-13,0.0039961428281427135
2017-01-17,-0.010058685063543226
2017-01-18,0.0078012129644178824
2017-01-19,-0.0038896582272938875
2017-01-20,0.00515810988800162
2017-01-23,-0.0033508140559976034
2017-01-24,0.007642232059284786
2017-01-25,0.009699175279801292
2017-01-26,0.00021403288832187934
2017-01-27,-0.0031324903325278294
2017-01-30,-0.0052472161086522025
2017-01-31,-0.0022595390969012575
2017-02-01,-0.002434014729281971
2017-02-02,0.0026179733184911328
2017-02-03,0.011685698740168836
2017-02-06,-0.0015269427122812265
2017-02-07,0.000702347039326427
2017-02-08,-0.0036944871966251612
2017-02-09,0.010854426555082456
2017-02-10,0.004134924375174887
2017-02-13,0.00884460949341102
2017-02-14,0.005184319396864425
2017-02-15,0.006932252638663119
2017-02-16,0.00011091990527904103
2017-02-17,0.0011272488491745202
2017-02-21,0.0028862274632653444
2017-02-22,0.0018514158567333446
2017-02-23,0.004626367893310031
2017-02-24,-0.0002855169478806973
2017-02-27,-0.00015881101107557716
2017-02-28,-0.0032788159797242783
2017-03-01,0.020027246705849204
2017-03-02,-0.0136096849930815
2017-03-03,0.0027926068583349756
2017-03-06,-0.005193187014773415
2017-03-07,-0.001924059709618398
2017-03-08,-0.0008087623093105419
2017-03-09,0.0017721333752854054
2017-03-10,0.002546783712439318
2017-03-13,0.002460835952116534
2017-03-14,-0.0016741241196694572
2017-03-15,0.003455854331007732
2017-03-16,0.0013868241644692115
2017-03-17,-0.004696946060854495
2017-03-20,-0.00538024804301513
2017-03-21,-0.019147743445797557
2017-03-22,0.0005711206491569329
2017-03-23,0.0013794686782157709
2017-03-24,-0.0016650402160366172
2017-03-27,-0.0029467622909008138
2017-03-28,0.007632127082322769
2017-03-29,-0.004388924367931725
2017-03-30,0.00843737514533894
2017-03-31,-0.002359647648032284
2017-04-03,-0.004454171437490094
2017-04-04,2.8246451185168247e-05
2017-04-05,-0.003885497722711296
2017-04-06,0.0034944947382239923
2017-04-07,-0.0015005678230691248
2017-04-10,0.0008099030229230804
2017-04-11,-0.000599069670791339
2017-04-12,-0.005645873299172573
2017-04-13,-0.008341653579848644
2017-04-17,0.0140690121817234
2017-04-18,-0.005157428977901431
2017-04-19,-0.0007794903669232484
2017-04-20,0.012476033284178376
2017-04-21,-0.005280732078199633
2017-04-24,0.014254726481023397
2017-04-25,0.00597427718127837
2017-04-26,0.002812915707146133
2017-04-27,0.001435946476958876
2017-04-28,-0.00703142615667073
2017-05-01,0.0032234671539564733
2017-05-02,-0.0008744820600277052
2017-05-03,0.0024816795346974097
2017-05-04,0.003678519875004095
2017-05-05,0.0013240123619134296
2017-05-08,-0.004113904383845493
2017-05-09,-0.002707938290556589
2017-05-10,0.0018170833131264602
2017-05-11,-0.00332954210892241
2017-05-12,-0.003273610526021814
2017-05-15,0.007777062772378446
2017-05-16,0.00048071892017744345
2017-05-17,-0.018396548597979755
2017-05-18,0.004325170134268767
2017-05-19,0.005385368536597847
2017-05-22,0.007416391789836113
2017-05-23,0.005207021698350569
2017-05-24,0.0015175182041454482
2017-05-25,0.007499410096007828
2017-05-26,-0.0005928118994589923
2017-05-30,-0.0024260562755199456
2017-05-31,0.0024988049944243288
2017-06-01,0.010233849881868486
2017-06-02,-0.0001892488013784678
2017-06-05,-0.0007455245744404
2017-06-06,-0.0054942649054771295
2017-06-07,0.005590645915776381
2017-06-08,0.006981941191214129
2017-06-09,0.007240386558935564
2017-06-12,0.0009415049311938765
2017-06-13,0.0053598255039275814
2017-06-14,0.0020775435417278248
2017-06-15,0.0009780457032549537
2017-06-16,0.00065634333746466
2017-06-19,0.00583443305135825
2017-06-20,-0.007301200119079954
2017-06-21,-0.004836889092310077
2017-06-22,-0.004410719106860861
2017-06-23,-0.0007664324941975971
2017-06-26,0.002183713376010196
2017-06-27,-0.0005418390942432223
2017-06-28,0.014604553146563214
2017-06-29,-0.004809470607123134
2017-06-30,-0.00023100628973813126
2017-07-03,0.007683598451336171
2017-07-05,0.0016147260846926768
2017-07-06,-0.0075781671033129825
2017-07-07,0.007519229460996457
2017-07-10,0.0005805374556883838
2017-07-11,-0.0024870069585546744
2017-07-12,0.005464486631892675
2017-07-13,0.005348698308684933
2017-07-14,-6.151037807941836e-05
2017-07-17,0.0009342006130402263
2017-07-18,0.000570948655083294
2017-07-19,0.00274614367422822
2017-07-20,0.0015130291906614458
2017-07-21,0.0036579187408961344
2017-07-24,0.0032636262244592545
2017-07-25,0.005302442965239762
2017-07-26,-0.003568521586133373
2017-07-27,-0.0068085023884087124
2017-07-28,0.004770312714520749
2017-07-31,0.003489883375094704
2017-08-01,0.00673101423420638
2017-08-02,-0.0027372275820491906
2017-08-03,-0.0015887061873612863
2017-08-04,0.0024679003305724365
2017-08-07,-0.0004935637890500335
2017-08-08,-0.0012957986145297074
2017-08-09,0.0007060816945302368
2017-08-10,-0.014481475693717908
2017-08-11,-0.0031571487514788664
2017-08-14,0.012836671353844213
2017-08-15,0.001340595411553649
2017-08-16,0.00021592639692799613
2017-08-17,-0.01672660970128499
2017-08-18,-0.0003474926038585021
2017-08-21,-0.00015821822619882305
2017-08-22,0.010226425065568145
2017-08-23,-0.004216018019913604
2017-08-24,-0.002538747635987189
2017-08-25,0.0038518731321999103
2017-08-28,-0.0038824355111505312
2017-08-29,-0.0028901958561148417
2017-08-30,0.003029532936762795
2017-08-31,0.002382325426352493
2017-09-01,0.00076147851290423
2017-09-05,-0.01895613046178083
2017-09-06,0.0027630647048743273
2017-09-07,-0.010408909332922335
2017-09-08,0.01359958891767361
2017-09-11,0.014591835241332455
2017-09-12,0.007085563098461005
2017-09-13,-0.002739431635761035
2017-09-14,-0.0020524615174792333
2017-09-15,0.0032420184426698063
2017-09-18,0.005743428272107912
2017-09-19,0.0039775067630205135
2017-09-20,0.0044587401315029735
2017-09-21,0.00025550981776982035
2017-09-22,0.004620474469134232
2017-09-25,-0.001667698825325331
2017-09-26,-0.0002675673566230316
2017-09-27,0.008304104637147891
2017-09-28,0.002666646463368614
2017-09-29,0.003553536427785247
2017-10-02,0.006365988548217605
2017-10-03,0.002331404159819222
2017-10-04,-0.00018466084328282054
2017-10-05,0.006227721370769232
2017-10-06,-0.0014561322647345264
2017-10-09,0.00011837629992889992
2017-10-10,0.0030524553930464417
2017-10-11,0.0009386030748304211
2017-10-12,-0.00017659107211972022
2017-10-13,0.0016056202506220792
2017-10-16,0.0030124955760171906
2017-10-17,-0.004814964174296304
2017-10-18,0.00458264408865408
2017-10-19,0.0022234164819461485
2017-10-20,0.007814394803078691
2017-10-23,-0.0003985912496031916
2017-10-24,0.002129528673874454
2017-10-25,-0.0027409160125851156
2017-10-26,0.005553493744687757
2017-10-27,-0.0012068822746594732
2017-10-30,-0.004321822105627975
2017-10-31,-0.00018380278015546632
2017-11-01,-0.0002525937016730544
2017-11-02,0.00811121816210874
2017-11-03,-0.00026298305873206955
2017-11-06,0.0022686739967301417
2017-11-07,-0.007354134206086932
2017-11-08,-0.0004934300914283003
2017-11-09,-0.0011896123590689309
2017-11-10,-0.0013894907150852989
2017-11-13,0.0015897296222403042
2017-11-14,0.0033178041781252764
2017-11-15,-0.0015741115573360126
2017-11-16,0.001132768296978167
2017-11-17,0.0009127462628974753
2017-11-20,0.004723784853089165
2017-11-21,0.0045503529977031975
2017-11-22,-0.003702920006048587
2017-11-24,0.0004293731732047293
2017-11-27,-0.0007766154775831306
2017-11-28,0.015213590345325085
2017-11-29,0.0041337153383487835
2017-11-30,0.006929719473377241
2017-12-01,0.0002935908512447007
2017-12-04,0.0022924099543342896
2017-12-05,-0.0051008599625553
2017-12-06,0.0004991241224524953
2017-12-07,0.0034558938127870545
2017-12-08,0.004733176183019474
2017-12-11,0.000543004315008524
2017-12-12,0.004503006882495759
2017-12-13,-0.009480512017379308
2017-12-14,-0.00505628458615239
2017-12-15,0.010076395155136763
2017-12-18,0.002783140489529589
2017-12-19,-0.003626705267665485
2017-12-20,-0.0019881154690305474
2017-12-21,0.002087663103555973
2017-12-22,-0.0011922514968362406
2017-12-26,-0.0009610300404924769
2017-12-27,0.001968360166508841
2017-12-28,0.004163634405357815
2017-12-29,-0.00404623501995957
2018-01-02,-0.005354651012005795
2018-01-03,0.008151662521711402
2018-01-04,0.008379181740618732
2018-01-05,0.00718743651799729
2018-01-08,0.001026234748257878
2018-01-09,0.006888345932756022
2018-01-10,0.004512503097470256
2018-01-11,0.005939765566193652
2018-01-12,0.005486970567213905
2018-01-16,-0.004861828115304923
2018-01-17,0.008541630410447695
2018-01-18,-0.002231819481858524
2018-01-19,0.007915276900801273
2018-01-22,0.008210389382246778
2018-01-23,0.004401918261321521
2018-01-24,0.00381055084905684
2018-01-25,0.0006549550532034875
2018-01-26,0.010755537771723276
2018-01-29,-0.008957014577912028
2018-01-30,-0.010199578159707814
2018-01-31,0.0012839084640890693
2018-02-01,0.007412031149807257
2018-02-02,-0.017886775711531328
2018-02-05,-0.04107980235150308
2018-02-06,0.008815162445463967
2018-02-07,0.0012875781175836422
2018-02-08,-0.039594754167065996
2018-02-09,0.014972646955335176
2018-02-12,0.012450093445236251
2018-02-13,0.005755174074892914
2018-02-14,0.02009617544712762
2018-02-15,0.00928160423913592
2018-02-16,0.00045032917153719473
2018-02-20,-0.003907357833347203
2018-02-21,-0.0012277770304858408
2018-02-22,-0.005383956786798319
2018-02-23,0.015028630113310114
2018-02-26,0.010139147776216441
2018-02-27,-0.009100744616790632
2018-02-28,-0.010136747819351257
2018-03-01,-0.012515519664286
2018-03-02,0.005814266197200108
2018-03-05,0.016837998383830394
2018-03-06,0.004018941595209114
2018-03-07,-0.001074340645802097
2018-03-08,0.003948757322331822
2018-03-09,0.020465825966199926
2018-03-12,-0.004909887589201575
2018-03-13,-0.007701078751803351
2018-03-14,-0.006593205572044715
2018-03-15,-0.001061045627186332
2018-03-16,0.0043587746185899025
2018-03-19,-0.0077240571698324245
2018-03-20,0.006112065197279767
2018-03-21,-0.001909493648021206
2018-03-22,-0.03016787858911812
2018-03-23,-0.024795191640834047
2018-03-26,0.026986601685224165
2018-03-27,-0.01773000502281198
2018-03-28,0.0014389368251720334
2018-03-29,0.011053551097581358
2018-04-02,-0.02019579984784182
2018-04-03,0.011527342875927675
2018-04-04,0.008577453257225712
2018-04-05,0.004334131698733818
2018-04-06,-0.022362226151428823
2018-04-09,0.0028280153066450636
2018-04-10,0.014567885199746996
2018-04-11,-0.008094848168319794
2018-04-12,0.01163200880190111
2018-04-13,-0.008178129991903874
2018-04-16,0.008491117302708032
2018-04-17,0.003952886306916608
2018-04-18,-0.0009033359000548061
2018-04-19,0.007201066037184245
2018-04-20,-0.000522971412142882
2018-04-23,-0.000998081118726601
2018-04-24,-0.008931388573289588
2018-04-25,-0.0009809140793147048
2018-04-26,0.005106681745775992
2018-04-27,0.0011967368119509816
2018-04-30,-0.006811253085295096
2018-05-01,0.0024192827742503895
2018-05-02,-0.013615668471907191
2018-05-03,-0.004028898383397649
2018-05-04,0.010397252140749701
2018-05-07,0.006326123736025602
2018-05-08,0.0029936571310731587
2018-05-09,0.00864606578395409
2018-05-10,0.007489812487884607
2018-05-11,0.000559461294146942
2018-05-14,-0.0032945973229648986
2018-05-15,-0.0014378254951622265
2018-05-16,0.003356367455782842
2018-05-17,0.0019521073688753853
2018-05-18,-0.0037838378505981305
2018-05-21,0.0070890357205862994
2018-05-22,0.0003610931684348681
2018-05-23,-0.0036504866938172646
2018-05-24,-0.0012461992082782277
2018-05-25,-0.002880966172036135
2018-05-29,-0.023417402321971363
2018-05-30,0.01568190922621782
2018-05-31,-0.005657670685759518
2018-06-01,0.010531513903203225
2018-06-04,0.005113438687009927
2018-06-05,-0.0006661393244591326
2018-06-06,0.0124543309276269
2018-06-07,-0.0001375340006294557
2018-06-08,0.0060257214791652036
2018-06-11,-0.0024140207754365897
2018-06-12,-0.0010578690876712976
2018-06-13,-0.0020538821864326522
2018-06-14,-0.0038425137596078554
2018-06-15,0.0008905660521494051
2018-06-18,-0.0003558894827339124
2018-06-19,-0.0007684569557025174
2018-06-20,-0.0025647919461072085
2018-06-21,-0.0037672645984175987
2018-06-22,-0.00038363904398772906
2018-06-25,-0.011120562060367486
2018-06-26,-0.004599496311007893
2018-06-27,-0.012703552071025713
2018-06-28,0.0062576755137055025
2018-06-29,0.0007608109400148218
2018-07-02,0.006129009453284773
2018-07-03,-0.0033371955077232734
2018-07-05,0.004625319650906452
2018-07-06,0.005553605260014439
2018-07-09,0.01768816468523501
2018-07-10,-0.002073168561192079
2018-07-11,-0.0037907700406704242
2018-07-12,0.003683405503644676
2018-07-13,-0.002006658176659995
2018-07-16,0.0068798592644954085
2018-07-17,0.0036652635123870614
2018-07-18,0.011885586386743592
2018-07-19,-0.011979195715438245
2018-07-20,-7.447138488589792e-05
2018-07-23,0.0075792668809224915
2018-07-24,0.00015937147440585678
2018-07-25,0.0043530784007444
2018-07-26,-0.0005995871574791986
2018-07-27,-0.003271962803753829
2018-07-30,-0.0063036803949374194
2018-07-31,-0.0013262108920739668
2018-08-01,-0.002598172042002694
2018-08-02,0.0018459220900334603
2018-08-03,0.0016033219450637035
2018-08-06,0.0030229119615187397
2018-08-07,0.004275260652325515
2018-08-08,0.0011809063213389125
2018-08-09,-0.003083068382596734
2018-08-10,-0.007387381099544339
2018-08-13,-0.004905055870511931
2018-08-14,0.008670610757557914
2018-08-15,-0.006001324768129286
2018-08-16,0.009290044182466414
2018-08-17,0.0031219777900978753
2018-08-20,0.004619196563278112
2018-08-21,0.003065636666826461
2018-08-22,-0.0001876773076769291
2018-08-23,-0.0026479142179946045
2018-08-24,0.006296795162739592
2018-08-27,0.007752045502738802
2018-08-28,-0.00045760342372030304
2018-08-29,0.0026781535836437114
2018-08-30,-0.006272906585057967
2018-08-31,0.0017601484900557865
2018-09-04,0.005697594271936436
2018-09-05,-0.0039018738977095184
2018-09-06,-0.0023308741393949055
2018-09-07,-0.0021605195871646347
2018-09-10,-0.00026155639579090854
2018-09-11,0.0022402380328797253
2018-09-12,-0.004496184187793382
2018-09-13,0.004341521168813119
2018-09-14,0.007757021549511741
2018-09-17,-0.006342942235589789
2018-09-18,0.005029654420925674
2018-09-19,0.00822705181319958
2018-09-20,0.007875858331994166
2018-09-21,0.0007809578256703618
2018-09-24,-0.008905148174501026
2018-09-25,-0.0034261352805851682
2018-09-26,-0.008894545214424203
2018-09-27,-0.002435552882581655
2018-09-28,-0.004035661699637625
2018-10-01,0.0003910164319571558
2018-10-02,-0.00037004101935052605
2018-10-03,0.004439013260444169
2018-10-04,-0.0013062698745794033
2018-10-05,-0.005192272107757398
2018-10-08,0.0001664779825804152
2018-10-09,-0.001112788239479084
2018-10-10,-0.0336793607290724
2018-10-11,-0.02648204602174079
2018-10-12,0.0037749617531455818
2018-10-15,-0.003917901948683848
2018-10-16,0.018840125414184918
2018-10-17,0.005325989821493602
2018-10-18,-0.014142072998222009
2018-10-19,0.004378868791294725
2018-10-22,-0.011898451265097898
2018-10-23,-0.00863221954228037
2018-10-24,-0.028308047318680963
2018-10-25,0.018587136457354003
2018-10-26,-0.010499578946887732
2018-10-29,-0.00039591514634297983
2018-10-30,0.018928766101140127
2018-10-31,0.014062854148661874
2018-11-01,0.005718884022413916
2018-11-02,-0.0018539528403655903
2018-11-05,0.009597749175179974
2018-11-06,0.0075410197419138155
2018-11-07,0.015545456652728015
2018-11-08,0.0016923478198769414
2018-11-09,-0.007510324924164804
2018-11-12,-0.018554688699637643
2018-11-13,0.002696401080919527
2018-11-14,-0.013444739583024405
2018-11-15,0.013192345453572337
2018-11-16,0.0014659556569849113
2018-11-19,-0.007309777211755274
2018-11-20,-0.01654231998183724
2018-11-21,0.005019089006424391
2018-11-23,-0.0027400787374192966
2018-11-26,0.018084109476782628
2018-11-27,-0.003967754806901788
2018-11-28,0.019178596851619198
2018-11-29,-0.007099895157600553
2018-11-30,0.0067400433526739745
2018-12-03,0.005345077716982197
2018-12-04,-0.03757653275678747
2018-12-06,-0.00883356742550654
2018-12-07,-0.015918494528721527
2018-12-10,-0.006926452290716322
2018-12-11,-0.008485376731320477
2018-12-12,0.0066055407420806
2018-12-13,-0.005065328972224779
2018-12-14,-0.011786986107512552
2018-12-17,-0.012974264877909035
2018-12-18,-0.0032752634411080273
2018-12-19,-0.012484941906728313
2018-12-20,-0.011564285839885564
2018-12-21,-0.015929867280940372
2018-12-24,-0.022984653660459056
2018-12-26,0.043894197214637484
2018-12-27,0.01282052837109531
2018-12-28,-0.001386217187159243
2018-12-31,0.010112998576637375
2019-01-02,-0.0005337954255909656
2019-01-03,-0.020019632816410796
2019-01-04,0.03337047759809344
2019-01-07,0.003095390323072291
2019-01-08,0.0039473853037579505
2019-01-09,0.0056619457883547875
2019-01-10,0.00358117207513971
2019-01-11,0.00048653041511345315
2019-01-14,0.0041056665466062126
2019-01-15,0.009614977774770153
2019-01-16,0.01377946857729981
2019-01-17,0.005712289126349508
2019-01-18,0.01598839919893474
2019-01-22,-0.008938046888998406
2019-01-23,0.003178454175502299
2019-01-24,0.0020986780617192535
2019-01-25,0.007498300869298732
2019-01-28,-0.0028689021445436028
2019-01-29,-0.006479672641125462
2019-01-30,0.005290304980391002
2019-01-31,0.004323575438218134
2019-02-01,0.009424936608283667
2019-02-04,0.004936889961137797
2019-02-05,0.003063824418008906
2019-02-06,-0.0027312585410431698
2019-02-07,-0.0019435403704879033
2019-02-08,-0.0014506491479008294
2019-02-11,0.0013601205765333747
2019-02-12,0.01114716511624276
2019-02-13,0.005124151045272954
2019-02-14,-0.009281269832399602
2019-02-15,0.01698115351584458
2019-02-19,0.004085215747134997
2019-02-20,0.005265319239494503
2019-02-21,-0.0037535539860356617
2019-02-22,0.0053984333736656984
2019-02-25,0.0015771765677437843
2019-02-26,-0.0008710620113654051
2019-02-27,0.003808898069591138
2019-02-28,0.0020865103701790426
2019-03-01,0.0049880235855806485
2019-03-04,-0.005383947259036142
2019-03-05,-0.0033424898895528824
2019-03-06,-0.008721194521206892
2019-03-07,-0.011500045142144534
2019-03-08,-0.0018038496927552806
2019-03-11,0.01116580436864557
2019-03-12,0.002794390701757724
2019-03-13,0.006782273149699044
2019-03-14,0.0031230689316179886
2019-03-15,0.006423816306965346
2019-03-18,0.006193756578747338
2019-03-19,-0.00837430780902774
2019-03-20,-0.01667262323439298
2019-03-21,0.006302927699103767
2019-03-22,-0.020576914049022628
2019-03-25,-0.002110452720769196
2019-03-26,0.01156324844096682
2019-03-27,-0.0024450754145943373
2019-03-28,0.00595755061812879
2019-03-29,0.005290919666361973
2019-04-01,0.017983589727595277
2019-04-02,-0.0014519007259642587
2019-04-03,0.002629018087726607
2019-04-04,0.002334551418103304
2019-04-05,0.002097009603328113
2019-04-08,0.0005542159372863608
2019-04-09,-0.008196928271176641
2019-04-10,0.004989651367622823
2019-04-11,0.004981267750877349
2019-04-12,0.013301926549194702
2019-04-15,-0.0036568441433971893
2019-04-16,0.011635103696993056
2019-04-17,-0.003686946081929608
2019-04-18,0.0013289505037766232
2019-04-22,-0.0019444060584254323
2019-04-23,0.008872897688024704
2019-04-24,0.00034894820885582724
2019-04-25,0.0038952188237206
2019-04-26,0.006867816926444773
2019-04-29,0.005835734953293111
2019-04-30,0.005695883172796294
2019-05-01,-0.010334784557776634
2019-05-02,0.00040154826172927773
2019-05-03,0.009620703160228136
2019-05-06,-0.0002627968501725829
2019-05-07,-0.013934395660986663
2019-05-08,-0.0002835477909811062
2019-05-09,4.153227940088639e-05
2019-05-10,0.009314388630401554
2019-05-13,-0.024893798616243062
2019-05-14,0.01224292105574891
2019-05-15,-0.00030782063152515464
2019-05-16,0.011925924825878053
2019-05-17,-0.00468090607561059
2019-05-20,0.0016067473281302605
2019-05-21,0.009380918076040603
2019-05-22,-0.00038282821657916095
2019-05-23,-0.013910686158681875
2019-05-24,0.004969708276059881
2019-05-28,-0.008643081693034434
2019-05-29,0.000583752417479026
2019-05-30,-0.00014804607968634258
2019-05-31,-0.011117251547589082
2019-06-03,0.005527040529025608
2019-06-04,0.021456852689479188
2019-06-05,0.010263783255565219
2019-06-06,0.003608733792890015
2019-06-07,0.0046806558411137695
2019-06-10,0.005366177571972683
2019-06-11,-0.0029450584759150096
2019-06-12,-0.0019333731486869618
2019-06-13,0.0025079025182430455
2019-06-14,0.003722889410562404
2019-06-17,-0.007907485320648854
2019-06-18,0.007891544592492982
2019-06-19,0.003438835519061453
2019-06-20,0.006518031653758434
2019-06-21,-0.0041847954899711225
2019-06-24,-0.0024323900443019445
2019-06-25,-0.004357399742044095
2019-06-26,-0.007709405236042439
2019-06-27,0.008502332622492004
2019-06-28,0.010204909325707882
2019-07-01,0.012571971707537138
2019-07-02,0.002002505292166416
2019-07-03,0.01064064817190643
2019-07-05,0.0021848021761521398
2019-07-08,-0.0071910574055208155
2019-07-09,0.005253578447123592
2019-07-10,-0.001908107378492265
2019-07-11,0.004849313958241734
2019-07-12,0.005879636975621433
2019-07-15,-0.0025775621179927664
2019-07-16,-0.0032487131805921097
2019-07-17,-0.007584180381296547
2019-07-18,0.007713450069410231
2019-07-19,-0.005110459293904036
2019-07-22,0.0012710914530149886
2019-07-23,0.0075886027763541475
2019-07-24,0.006016116519543769
2019-07-25,-0.0026928860795521724
2019-07-26,0.007433912455575577
2019-07-29,-0.007603709069329004
2019-07-30,-0.003659050831349116
2019-07-31,-0.006192410558003237
2019-08-01,-0.013941565048921014
2019-08-02,-0.003392810227881044
2019-08-05,-0.032630096515012585
2019-08-06,0.01901474059424348
2019-08-07,-0.0013310069355824724
2019-08-08,0.017872477661794076
2019-08-09,-0.003656823733576617
2019-08-12,-0.018107078639860164
2019-08-13,0.01402541643182873
2019-08-14,-0.032623392354200705
2019-08-15,0.006521832572565961
2019-08-16,0.01708789909960311
2019-08-19,0.00992570874472285
2019-08-20,-0.01047084093073647
2019-08-21,0.005270304617492722
2019-08-22,0.003961715591985062
2019-08-23,-0.025401345214973628
2019-08-26,0.009517726964208462
2019-08-27,-0.0029999919306378238
2019-08-28,0.005150071702488899
2019-08-29,0.012070130310583092
2019-08-30,0.003109262254204632
2019-09-03,-0.008029650659981328
2019-09-04,0.011302307557777303
2019-09-05,0.016465380532369383
2019-09-06,0.00206364437293942
2019-09-09,0.004789814056715949
2019-09-10,-0.0071194974441194155
2019-09-11,0.005778786589088426
2019-09-12,0.007177364846057136
2019-09-13,0.0022177756813101988
2019-09-16,-0.0004831788241781877
2019-09-17,0.007016228254427023
2019-09-18,0.0012797869063893286
2019-09-19,-0.002640223034024644
2019-09-20,-0.007551818007399619
2019-09-23,0.0015475795565021329
2019-09-24,-0.004644024436430871
2019-09-25,0.0059498312808615225
2019-09-26,-0.0019849773994482537
2019-09-27,-0.007289529281390497
2019-09-30,0.0001967896146134357
2019-10-01,-0.019633116211063614
2019-10-02,-0.020449772412599404
2019-10-03,0.0060147796239421025
2019-10-04,0.017666418232236518
2019-10-07,-0.005682604771694789
2019-10-08,-0.01878841445869186
2019-10-09,0.009685078732347717
2019-10-10,0.008087207948830671
2019-10-11,0.010162050561705844
2019-10-14,-0.00045928875289558515
2019-10-15,0.008277923026142272
2019-10-16,-0.0025440344585395836
2019-10-17,0.0015351897166544792
2019-10-18,0.0012920400232554776
2019-10-21,0.007880186102382504
2019-10-22,-0.011954525555480447
2019-10-23,0.00664563254981734
2019-10-24,0.004090953238967554
2019-10-25,-0.0005247543519817313
2019-10-28,0.004096747755163129
2019-10-29,0.0045994852602291745
2019-10-30,0.0029446005937624298
2019-10-31,-0.0035951577195234763
2019-11-01,0.010195681878657454
2019-11-04,0.0016608236706141624
2019-11-05,0.0011985892686024071
2019-11-06,0.005113711881193616
2019-11-07,0.004739581781247287
2019-11-08,0.00047693987601545994
2019-11-11,-7.216084916264432e-05
2019-11-12,0.0017595704990776603
2019-11-13,-0.001017311584749308
2019-11-14,0.0033774496897299605
2019-11-15,0.0022231404923199784
2019-11-18,0.0017990842026763714
2019-11-19,0.004417897068893328
2019-11-20,-0.001831670250802614
2019-11-21,-0.004782898118699579
2019-11-22,0.004773546958479951
2019-11-25,0.007766004598793632
2019-11-26,0.0020106681556580565
2019-11-27,0.0027712538325253794
2019-11-29,-0.00253105742013342
2019-12-02,-0.00936216329936541
2019-12-03,-0.009976650085025709
2019-12-04,0.007593150188481828
2019-12-05,0.004528817990115154
2019-12-06,0.009223408980809776
2019-12-09,-0.001807917540265847
2019-12-10,-0.0022176557071725256
2019-12-11,-0.0007917926405992512
2019-12-12,0.01248247481580482
2019-12-13,-0.001837836533773898
2019-12-16,0.00405040459644099
2019-12-17,0.0034456833223692647
2019-12-18,-0.004693881402872847
2019-12-19,0.0027623348946203804
2019-12-20,0.0014718744083470352
2019-12-23,-0.0057632102426014645
2019-12-24,0.0012442483227841634
2019-12-26,0.0035661965616962917
2019-12-27,0.0003397469385812418
2019-12-30,-0.003232572910587424
2019-12-31,0.0027038317770180487
2020-01-02,0.007463545758278443
2020-01-03,-0.005241064534194289
2020-01-06,0.0004264478005276614
2020-01-07,-0.0051008600599201795
2020-01-08,0.005694510706806677
2020-01-09,0.008793949968994432
2020-01-10,-0.0067180204795908634
2020-01-13,0.00655482557583899
2020-01-14,-0.004099680468237683
2020-01-15,0.0018286313347023455
2020-01-16,0.009939492605028305
2020-01-17,0.0064498641021619495
2020-01-21,-0.004619572791350215
2020-01-22,0.004290966147532827
2020-01-23,-0.0009943816244726972
2020-01-24,-0.00829888948242934
2020-01-27,-0.013293579552465096
2020-01-28,0.01248798857038793
2020-01-29,0.0022749120447722294
2020-01-30,0.010482322856834342
2020-01-31,-0.01568965546585637
2020-02-03,0.010936896414734821
2020-02-04,0.009128797979934048
2020-02-05,0.01422290886534963
2020-02-06,-0.00033101253828087955
2020-02-07,-0.003974206496742777
2020-02-10,0.00708467198311878
2020-02-11,0.004193715992455223
2020-02-12,-0.0024244496863420903
2020-02-13,0.00381116632635139
2020-02-14,0.004308222009964779
2020-02-18,-0.004977000091674916
2020-02-19,0.0040284633375862935
2020-02-20,-0.0020824807525748577
2020-02-21,-0.01101750985944319
2020-02-24,-0.02777679516336377
2020-02-25,-0.031059648036207484
2020-02-26,-0.004785188431868689
2020-02-27,-0.04069042829112432
2020-02-28,-0.02514566662037806
2020-03-02,0.05046759908098205
2020-03-03,-0.02997534179817195
2020-03-04,0.03324705143689374
2020-03-05,-0.04261199210085703
2020-03-06,-0.02843326575445384
2020-03-09,-0.09804282341609068
2020-03-10,0.054051139412430366
2020-03-11,-0.055715065466099355
2020-03-12,-0.10601701688967269
2020-03-13,0.1106139347314954
2020-03-16,-0.14059077947270313
2020-03-17,0.06369913837655013
2020-03-18,-0.08625191858662397
2020-03-19,0.016082558997880195
2020-03-20,-0.03639095907918822
2020-03-23,-0.059701548232130905
2020-03-24,0.12597408451902625
2020-03-25,0.03116133286083412
2020-03-26,0.07228944632797159
2020-03-27,-0.02703267331381374
2020-03-30,0.028038834033789733
2020-03-31,-0.0342795231421167
2020-04-01,-0.05865278547165613
2020-04-02,0.0197910067016035
2020-04-03,-0.021585286342793365
2020-04-06,0.08700444954689447
2020-04-07,0.007027583670970449
2020-04-08,0.041806081790049146
2020-04-09,0.03949895110737273
2020-04-13,-0.031457172922189865
2020-04-14,0.012207852258203608
2020-04-15,-0.0454302734774683
2020-04-16,-0.009664800704809434
2020-04-17,0.05174685163769161
2020-04-20,-0.018375407393768202
2020-04-21,-0.03512412784412616
2020-04-22,0.012811253426132933
2020-04-23,-0.006592332458099615
2020-04-24,0.01401170055931946
2020-04-27,0.03761865127666783
2020-04-28,0.007254667053706162
2020-04-29,0.03386412802762963
2020-04-30,-0.02817326040363817
2020-05-01,-0.033006930927640454
2020-05-04,-0.002123272641343339
2020-05-05,0.009557934111362569
2020-05-06,-0.017565397886431487
2020-05-07,0.0300617341978653
2020-05-08,0.016292503085375075
2020-05-11,-0.011331272946586124
2020-05-12,-0.027351578516220724
2020-05-13,-0.031788420897406
2020-05-14,0.02216065803387296
2020-05-15,0.0004740728550344308
2020-05-18,0.05093494856563883
2020-05-19,-0.01947972413063175
2020-05-20,0.022769298745289854
2020-05-21,-0.0006301058323084106
2020-05-22,0.0005174224103973132
2020-05-26,0.03904781909376147
2020-05-27,0.026582397272660527
2020-05-28,-0.008377862504352284
2020-05-29,-0.004531931952448952
2020-06-01,0.009991846905451
2020-06-02,0.010785638516024224
2020-06-03,0.03201243324346702
2020-06-04,0.011880119752765582
2020-06-05,0.0331967602373358
2020-06-08,0.016518030894836836
2020-06-09,-0.017046246764148308
2020-06-10,-0.026104738373562517
2020-06-11,-0.07168676252452219
2020-06-12,0.024620985016707016
2020-06-15,0.014702481519169166
2020-06-16,0.01588893504087948
2020-06-17,-0.006373892555105442
2020-06-18,0.002607120265888293
2020-06-19,-0.008210515252513826
2020-06-22,4.553593504643544e-05
2020-06-23,0.0008828430793711033
2020-06-24,-0.03643722000739524
2020-06-25,0.025519808131873028
2020-06-26,-0.03679311257440526
2020-06-29,0.011995672324601615
2020-06-30,0.01926925012049746
2020-07-01,-0.006455968494987781
2020-07-02,0.0004400095784599836
2020-07-06,0.015240524071368612
2020-07-07,-0.01664638870504536
2020-07-08,0.013831275913547532
2020-07-09,-0.021093652708402418
2020-07-10,0.02603917132240169
2020-07-13,-0.003046871907852275
2020-07-14,0.011373185620537659
2020-07-15,0.022180047183242686
2020-07-16,5.6707002105177304e-05
2020-07-17,-0.0019059777191911228
2020-07-20,-0.001437929448717071
2020-07-21,0.014480368017304377
2020-07-22,0.0033378825622376045
2020-07-23,-0.0007736882075632756
2020-07-24,-0.006303164075201012
2020-07-27,-0.003284380362516612
2020-07-28,-0.008168553814550044
2020-07-29,0.020420813960919364
2020-07-30,-0.01468167440411882
2020-07-31,0.002102866349641885
2020-08-03,0.0028758683289128715
2020-08-04,-0.006323166992741034
2020-08-05,0.016014130017218724
2020-08-06,-0.0013527727819787057
2020-08-07,0.016526246438965844
2020-08-10,0.0005950121258370052
2020-08-11,0.005063615201454259
2020-08-12,-0.0014252005250897383
2020-08-13,-0.0029258209558885003
2020-08-14,0.003995450948396392
2020-08-17,-0.0041254638645710825
2020-08-18,-0.005090813287176473
2020-08-19,-0.0038959942732775736
2020-08-20,-0.008853841778813753
2020-08-21,-0.005446310067905977
2020-08-24,0.016842701848118157
2020-08-25,0.0025353745498008762
2020-08-26,-0.001945580676575945
2020-08-27,0.014934475673715518
2020-08-28,0.002538880024638011
2020-08-31,-0.008397765393535511
2020-09-01,0.004093050056675219
2020-09-02,0.015345093742923973
2020-09-03,-0.018978669015853114
2020-09-04,-0.0016038527243695056
2020-09-08,-0.027739771992051087
2020-09-09,0.013303396807070218
2020-09-10,-0.016159512642352956
2020-09-11,0.004301785659851734
2020-09-14,0.016940162670384
2020-09-15,-0.00664835673008638
2020-09-16,0.009353754284582128
2020-09-17,-0.006023623011652226
2020-09-18,-0.0028227361594237894
2020-09-21,-0.02098386435524414
2020-09-22,-0.00282414511409506
2020-09-23,-0.020878466860043177
2020-09-24,6.517602500111727e-05
2020-09-25,0.012939011774617298
2020-09-28,0.023018028445985304
2020-09-29,-0.007920517050957924
2020-09-30,0.007695024626268966
2020-10-01,0.003081686791356266
2020-10-02,0.006367175567734429
2020-10-05,0.017684400515925014
2020-10-06,-0.009650711945158458
2020-10-07,0.014156974709543808
2020-10-08,0.013665943542465392
2020-10-09,0.0021225530616032556
2020-10-12,0.010341804289183194
2020-10-13,-0.014195279987488919
2020-10-14,-0.006652647555672382
2020-10-15,0.006793278779020073
2020-10-16,0.00013497680514134468
2020-10-19,-0.016736662380106584
2020-10-20,0.007565305062119971
2020-10-21,0.0008963768204378626
2020-10-22,0.011063699426961917
2020-10-23,0.0035013407822653713
2020-10-26,-0.024224848560540198
2020-10-27,-0.019122622614474068
2020-10-28,-0.025375167968991186
2020-10-29,0.005587726932867479
2020-10-30,-0.002459375455132234
2020-11-02,0.021043800445538142
2020-11-03,0.01962919470174692
2020-11-04,0.0006382565914082904
2020-11-05,0.020421960207007876
2020-11-06,-0.005271314129949325
2020-11-09,0.06016960896075836
2020-11-10,0.008146997342862814
2020-11-11,-0.002329087746804364
2020-11-12,-0.017069098350100474
2020-11-13,0.017244780878133675
2020-11-16,0.019799287626138244
2020-11-17,-0.00020680384980156753
2020-11-18,-0.009647606346373218
2020-11-19,0.003558134395966844
2020-11-20,-0.008372065956319383
2020-11-23,0.014584922187038172
2020-11-24,0.022710709439797992
2020-11-25,-0.0023232502836288897
2020-11-27,-0.004068645188779627
2020-11-30,-0.013165001621752057
2020-12-01,0.01692708454537963
2020-12-02,0.004419915346541309
2020-12-03,0.0016591222976088931
2020-12-04,0.013336611302990261
2020-12-07,-0.006437520260801747
2020-12-08,0.0024729757806593094
2020-12-09,-0.004252033839437308
2020-12-10,0.0017630686716322052
2020-12-11,-0.005460787810117765
2020-12-14,-0.00796125120964032
2020-12-15,0.017917605087957145
2020-12-16,0.004430945512487713
2020-12-17,0.006011214793248174
2020-12-18,-0.006266011218975792
2020-12-21,-0.0006042687662444596
2020-12-22,-0.004663561505737493
2020-12-23,0.0071384865342051735
2020-12-24,0.003400067772915147
2020-12-28,0.003409379499940753
2020-12-29,-0.005681108044634465
2020-12-30,0.0057306625107154865
2020-12-31,0.012852465993743671
2021-01-04,-0.016188830125181533
2021-01-05,0.0023191912637997494
2021-01-06,0.03445913034153555
2021-01-07,0.011500307423707747
2021-01-08,0.0011114227282375858
2021-01-11,-0.002935021278866017
2021-01-12,0.007250102458038336
2021-01-13,-0.002718037388458095
2021-01-14,-0.0030640109742594325
2021-01-15,-0.008707757373672012
2021-01-19,0.006590479417810345
2021-01-20,0.0010473722513572778
2021-01-21,-0.009684303505154883
2021-01-22,-0.009604683897862688
2021-01-25,-0.005185528338366406
2021-01-26,-0.006089880511603585
2021-01-27,-0.028893007303170508
2021-01-28,0.01925891248197722
2021-01-29,-0.02053221785533793
2021-02-01,0.01799616808126442
2021-02-02,0.022499314938507566
2021-02-03,-0.0009008261825537029
2021-02-04,0.02094121654077894
2021-02-05,0.0038175849406581076
2021-02-08,0.011211142074433727
2021-02-09,0.001189085265198808
2021-02-10,-0.0022766722843683834
2021-02-11,0.0021321551505179195
2021-02-12,0.004554330123234318
2021-02-16,0.01061619418854939
2021-02-17,0.0020293073132062714
2021-02-18,-0.0038798782382942283
2021-02-19,0.005744918418204206
2021-02-22,0.006385884305652805
2021-02-23,0.003023451442915099
2021-02-24,0.016710472777040953
2021-02-25,-0.019085160143996242
2021-02-26,-0.011847810909272642
2021-03-01,0.028348032539355587
2021-03-02,-0.0037000780931207094
2021-03-03,-0.0011969112456903437
2021-03-04,-0.014930961609594643
2021-03-05,0.023861181818707465
2021-03-08,0.00808324544751538
2021-03-09,-0.0024450382406100554
2021-03-10,0.013018625547656969
2021-03-11,0.0021696145036308482
2021-03-12,0.008534742096079764
2021-03-15,0.0030382725873799735
2021-03-16,-0.008614707777010996
2021-03-17,0.0032919037026950745
2021-03-18,-0.00445479478719461
2021-03-19,-0.010160748186329541
2021-03-22,-0.004323802752989339
2021-03-23,-0.009519647374143911
2021-03-24,0.00407280339188093
2021-03-25,0.00894639450355605
2021-03-26,0.014191979804290622
2021-03-29,-0.004745239292485557
2021-03-30,-9.722425235610382e-05
2021-03-31,-0.004664211066334549
2021-04-01,0.01629192848848673
2021-04-05,0.00930650413564758
2021-04-06,-0.0018318485032004829
2021-04-07,0.0017022002603366581
2021-04-08,0.0032021944036030488
2021-04-09,0.007685810590513117
2021-04-12,0.0058422102484269435
2021-04-13,-0.0025441307643578196
2021-04-14,0.0026516879567423097
2021-04-15,0.007080032695927337
2021-04-16,0.0032840029699665076
2021-04-19,-0.0032560442107863064
2021-04-20,-0.009603206268208386
2021-04-21,0.010949287643530906
2021-04-22,-0.006404484370222446
2021-04-23,0.01637962328183972
2021-04-26,-5.137797998230648e-06
2021-04-27,0.005675098910364696
2021-04-28,0.0019700525255611744
2021-04-29,0.010529182694013177
2021-04-30,-0.006546150536245578
2021-05-03,0.004361512449224318
2021-05-04,-0.0001876961169446432
2021-05-05,0.004107871291589176
2021-05-06,0.007506523586044163
2021-05-07,0.005749447694976341
2021-05-10,-0.005568980409454215
2021-05-11,-0.014052194756562017
2021-05-12,-0.017728281988053173
2021-05-13,0.016365289199377336
2021-05-14,0.013995944340848276
2021-05-17,-0.00346011620568564
2021-05-18,-0.010651799587025987
2021-05-19,-0.005698819751773356
2021-05-20,0.006388791347078275
2021-05-21,0.0042541762518483696
2021-05-24,0.003690288646925171
2021-05-25,-0.006432493510818828
2021-05-26,0.0031793672757209276
2021-05-27,0.009229655722457757
2021-05-28,0.0016357711023410638
2021-06-01,-9.0773972513545e-05
2021-06-02,0.0029948848658849386
2021-06-03,-0.0004892208354547569
2021-06-04,0.0025165857684550466
2021-06-07,-0.0074549665800653555
2021-06-08,0.0008796755659265236
2021-06-09,-0.006790520721057642
2021-06-10,-0.0024886309367939535
2021-06-11,0.006649417576874532
2021-06-14,-0.0029383317663809784
2021-06-15,0.004953811365848728
2021-06-16,-0.00419162075033716
2021-06-17,-0.01603950054862516
2021-06-18,-0.019165168844879763
2021-06-21,0.021091612800084467
2021-06-22,0.002299544733097464
2021-06-23,0.0011614949965459218
2021-06-24,0.01149388567772731
2021-06-25,0.01064848711686322
2021-06-28,-0.007964890872636606
2021-06-29,-2.6737764764815696e-05
2021-06-30,-0.0015377469446051129
2021-07-01,0.007135907740243443
2021-07-02,0.0015802667049774454
2021-07-06,-0.008492558057666206
2021-07-07,0.0030862011217136776
2021-07-08,-0.018373223742905027
2021-07-09,0.020880680102828668
2021-07-12,0.005267915509628942
2021-07-13,-0.00949602551373397
2021-07-14,-0.00265203593785218
2021-07-15,0.0031223476887561603
2021-07-16,-0.005302114773723104
2021-07-19,-0.025328357802659875
2021-07-20,0.021681385122760993
2021-07-21,0.013046160056714636
2021-07-22,-0.004350264349269093
2021-07-23,0.007158336976057565
2021-07-26,0.0018797849709452918
2021-07-27,0.0004507784179205189
2021-07-28,-0.002637773846949382
2021-07-29,0.009283522588936657
2021-07-30,-0.0038416996277449308
2021-08-02,-0.0005420268752952362
2021-08-03,0.006258155836896042
2021-08-04,-0.0051266569918627675
2021-08-05,0.01088019656980909
2021-08-06,0.0113916537391625
2021-08-09,0.00034945922540468807
2021-08-10,0.0026857671418254792
2021-08-11,0.007535252943719839
2021-08-12,-0.00030209870410446266
2021-08-13,-0.00025573105213685417
2021-08-16,0.0011735555203413127
2021-08-17,-0.007414174709762417
2021-08-18,-0.012159423845557484
2021-08-19,-0.0023544234440603324
2021-08-20,0.009328743673461327
2021-08-23,0.006654687737930145
2021-08-24,0.003602748817745783
2021-08-25,0.007337816961422979
2021-08-26,-0.0069558660162886
2021-08-27,0.012956817349832004
2021-08-30,-0.0066679682019706995
2021-08-31,0.0028959271341204456
2021-09-01,1.8867041268856975e-05
2021-09-02,0.0009293325083637111
2021-09-03,-0.0027155603362639886
2021-09-07,-0.0082231163693721
2021-09-08,0.0017442455610063362
2021-09-09,0.00012545261325467915
2021-09-10,-0.0071915591845270405
2021-09-13,0.004792951030135678
2021-09-14,-0.00876906764256513
2021-09-15,0.009697098221776721
2021-09-16,-0.0008876811196095648
2021-09-17,-0.007066251724685565
2021-09-20,-0.019823864453792424
2021-09-21,-0.0011448526729576235
2021-09-22,0.012316215687004809
2021-09-23,0.016508673937865447
2021-09-24,0.0031884422370933754
2021-09-27,0.003841181460850533
2021-09-28,-0.01939725965503997
2021-09-29,0.004427706497959553
2021-09-30,-0.012357237676639337
2021-10-01,0.01390479880546244
2021-10-04,-0.013994464685367353
2021-10-05,0.017836200091162234
2021-10-06,0.0043150652663716
2021-10-07,0.01029575510801187
2021-10-08,0.00348436305880635
2021-10-11,-0.00731608472735306
2021-10-12,7.101719768112347e-05
2021-10-13,0.0006945963770678452
2021-10-14,0.017662393879267366
2021-10-15,0.007804108653344415
2021-10-18,0.00020234983810040374
2021-10-19,0.011821756074805352
2021-10-20,0.005145926560509461
2021-10-21,0.0009326754906202406
2021-10-22,0.009865754427078073
2021-10-25,0.0019611056951221724
2021-10-26,-0.00034684448585927557
2021-10-27,-0.021692469212795735
2021-10-28,0.011687554483817784
2021-10-29,-0.00274292756867446
2021-11-01,0.001029614773413281
2021-11-02,0.0005387111258328787
2021-11-03,0.004507237462692471
2021-11-04,-0.008224743869206878
2021-11-05,0.0026059074284856534
2021-11-08,0.0036972511736928925
2021-11-09,-0.006653998600397372
2021-11-10,-0.002927826387070226
2021-11-11,0.002393673166763215
2021-11-12,0.00465129113480511
2021-11-15,0.0016734039497534698
2021-11-16,0.002369748498885157
2021-11-17,-0.011633017492245424
2021-11-18,-0.00597734380075462
2021-11-19,-0.008401735847582872
2021-11-22,0.0031887474759271384
2021-11-23,0.00913733380131188
2021-11-24,0.002389032492384598
2021-11-26,-0.029149014022965315
2021-11-29,0.005001485204771845
2021-11-30,-0.02483743180767385
2021-12-01,-0.013448517173708098
2021-12-02,0.02923549593684133
2021-12-03,-0.014109950455031156
2021-12-06,0.01540599331562024
2021-12-07,0.0169040079957931
2021-12-08,0.001212862097150008
2021-12-09,-0.007965566519260395
2021-12-10,0.0017800002177198934
2021-12-13,-0.008707240836879775
2021-12-14,-9.593200928431021e-05
2021-12-15,0.007929412167771085
2021-12-16,0.004634517645591011
2021-12-17,-0.015221678046386595
2021-12-20,-0.019807453865457278
2021-12-21,0.02354724813744869
2021-12-22,0.007388118665359171
2021-12-23,0.006648618513294636
2021-12-27,0.010237655658983096
2021-12-28,0.0005528497250132689
2021-12-29,-0.0010023679105336503
2021-12-30,-0.0024734207496952447
2021-12-31,-0.001174859810026414
2022-01-03,0.004060677336557993
2022-01-04,0.014251969252811785
2022-01-05,-0.016068690468480622
2022-01-06,0.011507567785498182
2022-01-07,0.005551382403607542
2022-01-10,-0.005939690401930135
2022-01-11,0.011992954998854286
2022-01-12,0.00032276776859885124
2022-01-13,-0.008641703715932125
2022-01-14,-0.005773429658181775
2022-01-18,-0.016156945664778516
2022-01-19,-0.014190283349308797
2022-01-20,-0.0053694404367528705
2022-01-21,-0.019685478523983963
2022-01-24,0.005868755302411821
2022-01-25,-0.006790042289874011
2022-01-26,-0.0030065971146404254
2022-01-27,-0.004772080798308294
2022-01-28,0.02164361021968301
2022-01-31,0.017756923753283672
2022-02-01,0.011061075701931027
2022-02-02,0.004640548241217016
2022-02-03,-0.01586254728319314
2022-02-04,0.012523907454012974
2022-02-07,-0.0011109874629928816
2022-02-08,0.005320395815351553
2022-02-09,0.012621253587991946
2022-02-10,-0.011573631935667857
2022-02-11,-0.015391930137417572
2022-02-14,-0.008211053029326296
2022-02-15,0.01339896955093332
2022-02-16,0.001169755770122333
2022-02-17,-0.0239665859392929
2022-02-18,-0.0014562804033722261
2022-02-22,-0.006446176937497888
2022-02-23,-0.017969361213568503
2022-02-24,0.0001366021313136725
2022-02-25,0.03302375441195009
2022-02-28,-0.010626852267805674
2022-03-01,-0.03053010757958844
2022-03-02,0.02467383313172123
2022-03-03,-0.005795338634163703
2022-03-04,-0.014495698842608682
2022-03-07,-0.03532052971648143
2022-03-08,-0.007123080466254754
2022-03-09,0.033416894996426624
2022-03-10,-0.007543373058460673
2022-03-11,-0.005157338289878797
2022-03-14,0.006003971741820296
2022-03-15,0.015871760778787696
2022-03-16,0.026578080298003706
2022-03-17,0.012052271418725436
2022-03-18,0.009630398846576349
2022-03-21,-0.0026104868351592867
2022-03-22,0.014045570966480623
2022-03-23,-0.016436517093058583
2022-03-24,0.00738325660330799
2022-03-25,0.009780735063085346
2022-03-28,0.0013039294012870334
2022-03-29,0.01232819081664456
2022-03-30,-0.006356591866892188
2022-03-31,-0.0165167774478576
2022-04-01,0.005162323862559827
2022-04-04,-0.0035020892944804694
2022-04-05,-0.003887058900990543
2022-04-06,-0.004861257753905386
2022-04-07,-0.0007360928052996766
2022-04-08,0.004556892214989884
2022-04-11,-0.006365132629452655
2022-04-12,-0.009083657286987663
2022-04-13,0.005737224428447333
2022-04-14,-0.006994808847415804
2022-04-18,-0.0009295115532699925
2022-04-19,0.013926060780323263
2022-04-20,0.007401591331616583
2022-04-21,-0.01567744322097076
2022-04-22,-0.031196471189909817
2022-04-25,0.0037482301043666247
2022-04-26,-0.028015549773165994
2022-04-27,0.005578797443842756
2022-04-28,0.01550738001603529
2022-04-29,-0.037600260822488914
2022-05-02,0.0005065839421772591
2022-05-03,0.011068777525049244
2022-05-04,0.0269833558652228
2022-05-05,-0.030457088079803032
2022-05-06,-0.010748082493239951
2022-05-09,-0.029183713182294773
2022-05-10,-0.0015662534840821872
2022-05-11,-0.011212630112742478
2022-05-12,-0.0031117300514991327
2022-05-13,0.01979216085390868
2022-05-16,-0.006171010132223798
2022-05-17,0.024246505486087817
2022-05-18,-0.028329514950999172
2022-05-19,-0.004560905391394947
2022-05-20,0.0031037781255566894
2022-05-23,0.02312492010352474
2022-05-24,-0.0046443010098866375
2022-05-25,0.008736704004990922
2022-05-26,0.02291418163252593
2022-05-27,0.021216717448202013
2022-05-31,-0.005381738930901951
2022-06-01,-0.01617385079025277
2022-06-02,0.018601934690424274
2022-06-03,-0.014404010255036695
2022-06-06,0.006203565533137515
2022-06-07,0.007856061702760979
2022-06-08,-0.015894104720805876
2022-06-09,-0.02397345757854472
2022-06-10,-0.03101793333695528
2022-06-13,-0.03116966642451223
2022-06-14,-0.0029193756573956623
2022-06-15,0.012200949540227839
2022-06-16,-0.03043332274157432
2022-06-17,0.006123040654123195
2022-06-21,0.019538154428835414
2022-06-22,-0.0007967591302142468
2022-06-23,0.003361793460547283
2022-06-24,0.03841351876199034
2022-06-27,-0.0037625130128868716
2022-06-28,-0.012271882162432236
2022-06-29,-0.006570512096364426
2022-06-30,-0.00559054650398656
2022-07-01,0.015306903273950997
2022-07-05,-0.0015509670763594902
2022-07-06,0.00047876322795815945
2022-07-07,0.011169481995173496
2022-07-08,-0.0045967052794088316
2022-07-11,-0.005511895411422325
2022-07-12,-0.007771412704236785
2022-07-13,-0.00863551050483311
2022-07-14,-0.018615504092922834
2022-07-15,0.02811114953614125
2022-07-18,-0.006751496886182795
2022-07-19,0.029976980344532098
2022-07-20,0.004163863989157696
2022-07-21,0.007797773709801739
2022-07-22,-0.005037455479520851
2022-07-25,0.005863788158244616
2022-07-26,-0.009782056519986069
2022-07-27,0.013896054798757987
2022-07-28,0.006419388020047704
2022-07-29,0.01334266086082655
2022-08-01,-0.008960893097551279
2022-08-02,-0.006501178947002047
2022-08-03,0.013264499034298712
2022-08-04,-0.0011157942037861774
2022-08-05,0.005941721282636651
2022-08-08,0.001973873589189721
2022-08-09,0.003839636555309597
2022-08-10,0.022190551402288046
2022-08-11,0.007922180118366519
2022-08-12,0.015966922912846477
2022-08-15,0.0007534343496422372
2022-08-16,0.005044507698707759
2022-08-17,-0.003856729696024663
2022-08-18,0.004726408412459184
2022-08-19,-0.016929938771756383
2022-08-22,-0.02050913280001004
2022-08-23,-0.0048993343614561514
2022-08-24,0.0038960623105034997
2022-08-25,0.013715398823463992
2022-08-26,-0.028235359467793014
2022-08-29,-0.008379644005134525
2022-08-30,-0.006655193663962805
2022-08-31,-0.005619051835334091
2022-09-01,0.004804391839017909
2022-09-02,-0.008145431103935846
2022-09-06,0.0024215463613937033
2022-09-07,0.02117728280126697
2022-09-08,0.014227067082197972
2022-09-09,0.008242989163802662
2022-09-12,0.008877806481096333
2022-09-13,-0.03420425927293965
2022-09-14,-0.0016043896503828558
2022-09-15,-5.162085111731154e-05
2022-09-16,-0.0108994716283593
2022-09-19,0.009829051148604483
2022-09-20,-0.016215519341226562
2022-09-21,-0.019554621111563534
2022-09-22,-0.017619543310869384
2022-09-23,-0.014361021800362393
2022-09-26,-0.0170679345827636
2022-09-27,-0.001508690284294422
2022-09-28,0.018329234294569924
2022-09-29,-0.009623064286906187
2022-09-30,-0.009370294098136457
2022-10-03,0.027652162682488032
2022-10-04,0.037766619908602146
2022-10-05,-0.0042255372315894695
2022-10-06,-0.01165765965227102
2022-10-07,-0.022570829049787033
2022-10-10,-0.0014738847910643945
2022-10-11,-0.009551006098057634
2022-10-12,-0.006035521100731772
2022-10-13,0.03496189091564962
2022-10-14,-0.02240870846246647
2022-10-17,0.02381894666501007
2022-10-18,0.013475789612750574
2022-10-19,-0.011995993316142602
2022-10-20,-0.01897059846985628
2022-10-21,0.0251358445964181
2022-10-24,0.015341967657430833
2022-10-25,0.012036754501273415
2022-10-26,0.001182263329191776
2022-10-27,0.008861541774590231
2022-10-28,0.028139371495317096
2022-10-31,-0.005916467200496268
2022-11-01,0.0023862016272663007
2022-11-02,-0.015484511521910153
2022-11-03,-0.015305375548012463
2022-11-04,0.016902890629668252
2022-11-07,0.009525040320355251
2022-11-08,0.0065415390619981365
2022-11-09,-0.01861791031656516
2022-11-10,0.04963512898841611
2022-11-11,0.0006129442215044809
2022-11-14,-0.01394923623971083
2022-11-15,0.005850670468150163
2022-11-16,-0.003735079456979359
2022-11-17,-0.004828880983007447
2022-11-18,0.0071295042639391475
2022-11-21,0.003736549551671369
2022-11-22,0.010483120273645771
2022-11-23,0.00424487573746163
2022-11-25,0.005073200222778815
2022-11-28,-0.017209425051225694
2022-11-29,0.005075091540726724
2022-11-30,0.021764183589225775
2022-12-01,-0.0023156049224106598
2022-12-02,-0.001957590286981384
2022-12-05,-0.022266171787115138
2022-12-06,-0.006573729841838769
2022-12-07,-0.005062609443074702
2022-12-08,0.0023202325512274823
2022-12-09,-0.005250462171048995
2022-12-12,0.011733254298553514
2022-12-13,0.0017534622325351451
2022-12-14,-0.011981432015412007
2022-12-15,-0.01820584641121785
2022-12-16,-0.007988230861500257
2022-12-19,-0.005740122374762925
2022-12-20,0.004179564105575223
2022-12-21,0.017795792619986074
2022-12-22,-0.009064607230118345
2022-12-23,0.006992305988362561
2022-12-27,0.0007659273268669763
2022-12-28,-0.009756305646102541
2022-12-29,0.01579562704121686
2022-12-30,-0.0060096971380818815
2023-01-03,0.003110667659859433
2023-01-04,0.014317336584923547
2023-01-05,-0.009817696829863484
2023-01-06,0.025605635024044674
2023-01-09,-0.0032248798010165707
2023-01-10,0.005994594322351715
2023-01-11,0.007549346628193932
2023-01-12,0.003307536615334931
2023-01-13,0.005308020753004468
2023-01-17,-0.004102464433205935
2023-01-18,-0.013842003480022286
2023-01-19,-0.012098610981042325
2023-01-20,0.017237428545254698
2023-01-23,0.010770620129861228
2023-01-24,-0.0006498649742941698
2023-01-25,0.0056168032699736884
2023-01-26,0.0075666026691581095
2023-01-27,-0.0017879417655312054
2023-01-30,-0.00500627609801175
2023-01-31,0.013467562650693973
2023-02-01,0.0017079415443094163
2023-02-02,0.0011007288493251983
2023-02-03,-0.000957001216500659
2023-02-06,-0.002167947506624057
2023-02-07,0.015347744462897944
2023-02-08,-0.006911036091373263
2023-02-09,-0.011038790559703884
2023-02-10,0.0058762074783812145
2023-02-13,0.008741300565419932
2023-02-14,-0.00849361727804693
2023-02-15,0.005423018834387994
2023-02-16,-0.008765470707391972
2023-02-17,0.0011315687496366213
2023-02-21,-0.01853860668712152
2023-02-22,-0.001422488008758263
2023-02-23,0.0007899100178018212
2023-02-24,-0.0015140772001747437
2023-02-27,-0.0014625488048187795
2023-02-28,0.0013697192897434232
2023-03-01,-0.002361409142534121
2023-03-02,-0.003982978363188255
2023-03-03,0.012553653367571825
2023-03-06,-0.0014253006956747806
2023-03-07,-0.02113799662027486
2023-03-08,-0.0039287265125101025
2023-03-09,-0.030920000158353163
2023-03-10,-0.026382468045573957
2023-03-13,-0.03982493298108945
2023-03-14,0.02317530361924874
2023-03-15,-0.026636441076698533
2023-03-16,0.022793167496558922
2023-03-17,-0.029888793538777415
2023-03-20,0.017747363938748775
2023-03-21,0.028682824713704005
2023-03-22,-0.02818963416475057
2023-03-23,-0.010858174534199497
2023-03-24,0.0038604256236679357
2023-03-27,0.013041690034350255
2023-03-28,0.00203848859010696
2023-03-29,0.016495955264547297
2023-03-30,-0.0013964138891947944
2023-03-31,0.012272232837645195
2023-04-03,-0.00027011965222052345
2023-04-04,-0.010931739903708146
2023-04-05,0.0007661871072718026
2023-04-06,0.004292032194254685
2023-04-10,0.002228885130801436
2023-04-11,0.008539103689605303
2023-04-12,-0.0027603584344154963
2023-04-13,0.006971383211831041
2023-04-14,-0.0007693214973883432
2023-04-17,0.012339857404458601
2023-04-18,0.0035850355921996755
2023-04-19,0.006417834200164225
2023-04-20,-0.006864792967096509
2023-04-21,-0.007484608203544505
2023-04-24,-0.0023237953016857003
2023-04-25,-0.018083264851916594
2023-04-26,-0.007992202614653632
2023-04-27,0.016830902682923716
2023-04-28,0.013261641236614838
2023-05-01,-0.005000827311465509
2023-05-02,-0.025125588049132525
2023-05-03,-0.009697836935001591
2023-05-04,-0.013535496913353547
2023-05-05,0.025829391181804752
2023-05-08,0.0015489299346917542
2023-05-09,-0.0024909253015407717
2023-05-10,-0.004401135533894717
2023-05-11,-0.003491974744772156
2023-05-12,-0.003163553528479899
2023-05-15,0.00739133253799259
2023-05-16,-0.013331063934435419
2023-05-17,0.017231971642383274
2023-05-18,0.008740706146732042
2023-05-19,-0.0032528283866429157
2023-05-22,0.00527491865919131
2023-05-23,-0.010958745925440902
2023-05-24,-0.013812845845036975
2023-05-25,-0.0011235751056990668
2023-05-26,0.005404975422208163
2023-05-30,0.0031837441250661767
2023-05-31,-0.014382383737973022
2023-06-01,0.010831859632446194
2023-06-02,0.02408152907340589
2023-06-05,-0.004131799015876252
2023-06-06,0.011586021347421841
2023-06-07,0.005830817911752045
2023-06-08,0.00019412946654722032
2023-06-09,0.001383784743270393
2023-06-12,-0.006059910388881283
2023-06-13,0.009344239525436547
2023-06-14,-0.004495477463486854
2023-06-15,0.014272030712201315
2023-06-16,-0.0014979173740506423
2023-06-20,-0.008400759175458206
2023-06-21,-0.0018822617893569673
2023-06-22,-0.00786123654691333
2023-06-23,-0.007351169053889887
2023-06-26,-2.021008694557579e-06
2023-06-27,0.00902587446440746
2023-06-28,-0.0017928185060059436
2023-06-29,0.01315132346456072
2023-06-30,0.008498553355192683
2023-07-03,0.005548862851935228
2023-07-05,-0.004399438022545556
2023-07-06,-0.007638795326666462
2023-07-07,0.005228598249106104
2023-07-10,0.0026247047507977034
2023-07-11,0.013507809770355756
2023-07-12,0.0026308703727177846
2023-07-13,0.007132500443017853
2023-07-14,-0.008762929077337039
2023-07-17,0.00900530566507626
2023-07-18,0.012231356457560412
2023-07-19,0.004872683428940294
2023-07-20,0.009692714557811387
2023-07-21,-0.0021708119714659974
2023-07-24,0.006178234879963426
2023-07-25,-0.004874105030190916
2023-07-26,0.008186634867940848
2023-07-27,-0.012253488468599113
2023-07-28,0.0026700917501963715
2023-07-31,0.0023137423877287455
2023-08-01,0.0012293849753402433
2023-08-02,-0.0008829634459381172
2023-08-03,0.002565425115684846
2023-08-04,-0.002707790478292042
2023-08-07,0.01121801698340854
2023-08-08,-0.010781474811594216
2023-08-09,-0.003111400007822224
2023-08-10,0.0024793194217965636
2023-08-11,0.0023142987826673426
2023-08-14,-0.004100321223779027
2023-08-15,-0.016808814363326
2023-08-16,-0.00024095496883208035
2023-08-17,-0.00577549441141847
2023-08-18,-0.00033864030079179704
2023-08-21,-0.0016650707402882678
2023-08-22,-0.009643733399970565
2023-08-23,0.010321066221495869
2023-08-24,-0.0009758230177265071
2023-08-25,0.002453527208915358
2023-08-28,0.0055994800252516215
2023-08-29,0.0077928471354151065
2023-08-30,0.0018197133653441312
2023-08-31,-0.0012112556899594184
2023-09-01,0.007349309036294412
2023-09-05,-0.010427801044464743
2023-09-06,-0.002048629850182709
2023-09-07,-0.00015359592755484432
2023-09-08,0.0023979541213171767
2023-09-11,0.0049075490089756195
2023-09-12,0.007730508272571429
2023-09-13,-0.0035303231845325166
2023-09-14,0.011240830571445136
2023-09-15,-0.005679562762543033
2023-09-18,0.0026295062545552443
2023-09-19,0.001790926739025284
2023-09-20,-0.003583814823180717
2023-09-21,-0.01568160597210222
2023-09-22,-0.003932564903350268
2023-09-25,0.0023381136496609623
2023-09-26,-0.012957770017405133
2023-09-27,-0.002147256831162418
2023-09-28,0.007564256296370669
2023-09-29,-0.007721297791406072
2023-10-02,-0.009210749593370458
2023-10-03,-0.014764931720594654
2023-10-04,0.011596101002002594
2023-10-05,0.006005564239804777
2023-10-06,0.00843726154265202
2023-10-09,0.0020020962922216523
2023-10-10,0.004774477218822508
2023-10-11,0.0023916536518830515
2023-10-12,-0.009130923660557276
2023-10-13,0.0011870805264141053
2023-10-16,0.013379674607751978
2023-10-17,0.008006089647866714
2023-10-18,-0.015770081170247287
2023-10-19,-0.014266928939033637
2023-10-20,-0.017896967481514592
2023-10-23,-0.006723174082462407
2023-10-24,0.009082307765322548
2023-10-25,-0.0038559991334718843
2023-10-26,0.0043593537762606225
2023-10-27,-0.019303712180873053
2023-10-30,0.015984307506988253
2023-10-31,0.009279474265599228
2023-11-01,0.008523125815490192
2023-11-02,0.01971399800000361
2023-11-03,0.014127733045264863
2023-11-06,-0.0024895294835409892
2023-11-07,-0.001197583692981452
2023-11-08,0.0007370694801834596
2023-11-09,-0.0020355996379210215
2023-11-10,0.009661045251958399
2023-11-13,0.00062926932495827
2023-11-14,0.017275940848789664
2023-11-15,0.0008701066377538999
2023-11-16,0.0028303641958592443
2023-11-17,0.004672452708321252
2023-11-20,0.003053804359304752
2023-11-21,0.0010597778278320536
2023-11-22,0.005450404396565148
2023-11-24,0.004659656858670016
2023-11-27,-0.0015887574856087619
2023-11-28,-0.0027676366864258072
2023-11-29,0.006288227660756959
2023-11-30,0.013273883303003657
2023-12-01,0.008779051301952752
2023-12-04,0.002127562958978104
2023-12-05,-0.005596946756980063
2023-12-06,-0.005858278643018269
2023-12-07,0.001878981598885928
2023-12-08,0.005237433675083327
2023-12-11,0.008456145151834245
2023-12-12,0.006931130427010505
2023-12-13,0.013665154162849448
2023-12-14,0.0008002130945991164
2023-12-15,-0.005766842096121588
2023-12-18,0.003822556023781745
2023-12-19,0.006629083338757012
2023-12-20,-0.017840689542582944
2023-12-21,0.009286798267619101
2023-12-22,0.003379073645314988
2023-12-26,0.003409648384277544
2023-12-27,0.003270745181592001
2023-12-28,0.004221782137729121
2023-12-29,-0.0020630414882077323
2024-01-02,0.0015029618164209332
2024-01-03,-0.010085184894183828
2024-01-04,0.0044046196713670785
2024-01-05,0.0037243141605988726
2024-01-08,0.0077815382002867535
2024-01-09,-0.00821252314677684
2024-01-10,0.003536670605745549
2024-01-11,-5.301851211501773e-05
2024-01-12,0.00035796617031579655
2024-01-16,-0.00480078301909584
2024-01-17,-0.00035374813536795136
2024-01-18,0.0027545772925042663
2024-01-19,0.01555414281625667
2024-01-22,0.0059562886864051885
2024-01-23,-0.00039540174904179233
2024-01-24,0.0020805398842769687
2024-01-25,0.004450097016371258
2024-01-26,0.0027835639797935945
2024-01-29,0.0005349273764391261
2024-01-30,0.007831033153988037
2024-01-31,-0.010857608157165853
2024-02-01,-0.0004911484545353505
2024-02-02,0.005030143297690734
2024-02-05,-0.006361692919879138
2024-02-06,0.0028172538938584053
2024-02-07,0.008596064387398421
2024-02-08,-0.0032714858638900443
2024-02-09,0.005841641414015656
2024-02-12,0.004767313335045123
2024-02-13,-0.012653975977567265
2024-02-14,0.010323649594774931
2024-02-15,0.012399633403253467
2024-02-16,-0.00387382171755613
2024-02-20,-0.002459502549727899
2024-02-21,0.0004408381312945887
2024-02-22,0.01302354515035306
2024-02-23,0.003945712818733435
2024-02-26,-0.003510273380287252
2024-02-27,0.0053295897922591064
2024-02-28,0.003737679449617905
2024-02-29,-0.00035895851369748135
2024-03-01,-0.0031732605517306406
2024-03-04,0.004371655812560684
2024-03-05,0.0010673448464648037
2024-03-06,0.004471101647056808
2024-03-07,-0.00015080616068502168
2024-03-08,0.0013972209922262727
2024-03-11,0.0023581753783820662
2024-03-12,0.003658051618819365
2024-03-13,0.0039958994281266294
2024-03-14,-0.007971811045300788
2024-03-15,0.0008490341261345135
2024-03-18,0.002194836908855027
2024-03-19,0.004167052393632143
2024-03-20,0.00953651246565386
2024-03-21,0.0055728970756508
2024-03-22,-0.010732166874446497
2024-03-25,0.0016681858411016538
2024-03-26,0.0013048932579319526
2024-03-27,0.012245866032601058
2024-03-28,0.005976893456976918
2024-04-01,-0.00857749448005682
2024-04-02,-0.005257163244851533
2024-04-03,-0.000914982229088413
2024-04-04,-0.01107215674524928
2024-04-05,0.008354341352723277
2024-04-08,0.004908877539087017
2024-04-09,-0.008549231456560922
2024-04-10,-0.01200886359040115
2024-04-11,-0.016381175421926297
2024-04-12,-0.007478822668439319
2024-04-15,-0.007776511857888199
2024-04-16,-0.0033185993678266097
2024-04-17,0.00026566603818090756
2024-04-18,0.005233086354511131
2024-04-19,0.012509177703364037
2024-04-22,0.01000262006671236
2024-04-23,0.0043906373352312275
2024-04-24,-0.0009498396797649123
2024-04-25,-0.006438888332569572
2024-04-26,-0.005065111093748478
2024-04-29,0.001479408893986674
2024-04-30,-0.007636260585782077
2024-05-01,0.0019263661699113407
2024-05-02,0.0024077822486598963
2024-05-03,0.004377521795078676
2024-05-06,0.01412479777019739
2024-05-07,0.003166671293874564
2024-05-08,0.00231126969517737
2024-05-09,0.005986841448492561
2024-05-10,0.002099326124118158
2024-05-13,-0.004717103377305134
2024-05-14,0.004705777364588551
2024-05-15,0.0038822777700266535
2024-05-16,0.002530467281112426
2024-05-17,0.006466144659905246
2024-05-20,-0.008028473815893774
2024-05-21,0.002555758586421062
2024-05-22,-0.0038000165316909957
2024-05-23,-0.016138923931285458
2024-05-24,0.007980723614089144
2024-05-28,-0.01242656534592224
2024-05-29,-0.009983401181053819
2024-05-30,0.006298241913299313
2024-05-31,0.010825975473190426
2024-06-03,-0.0070578904861464875
2024-06-04,-0.003609123604743219
2024-06-05,0.0020672050731817986
2024-06-06,-0.001585898982167773
2024-06-07,0.001387099271126175
2024-06-10,-0.0004515016304924412
2024-06-11,-0.010354634363958231
2024-06-12,0.0021980345757564757
2024-06-13,-0.005071736408071147
2024-06-14,-0.005239024579210407
2024-06-17,0.011162461205749685
2024-06-18,0.004404280988352839
2024-06-20,0.007780274023284863
2024-06-21,0.0001932608979123118
2024-06-24,0.007666451585855905
2024-06-25,-0.008030683106313503
2024-06-26,-0.0054532665594092585
2024-06-27,0.001148788882301376
2024-06-28,0.0018686627502286692
2024-07-01,0.0008375213477995573
2024-07-02,0.00749672138638286
2024-07-03,-0.00267805948463983
2024-07-05,-0.0033429226739367063
2024-07-08,-0.0002217617203933394
2024-07-09,0.0027842185695482963
2024-07-10,0.007545494806500802
2024-07-11,0.011181973212337607
2024-07-12,0.006214491151786537
2024-07-15,0.012294456054448453
2024-07-16,0.009145122122285984
2024-07-17,0.007708373780766223
2024-07-18,-0.007376999722992792
2024-07-19,-0.011742352870536921
2024-07-22,0.008808049760642497
2024-07-23,0.001989206057983928
2024-07-24,-0.010194623289885865
2024-07-25,0.006239898185686936
2024-07-26,0.01570817066915146
2024-07-29,-0.0020900150425161475
2024-07-30,0.012498454293325557
2024-07-31,-0.00308667781520956
2024-08-01,-0.011340107325800697
2024-08-02,-0.01878848621496919
2024-08-05,-0.026253368760264864
2024-08-06,0.01214953267372013
2024-08-07,0.0016282853121688077
2024-08-08,0.016051801203801515
2024-08-09,0.004495814601225685
2024-08-12,-0.005254048838261371
2024-08-13,0.007979152448568344
2024-08-14,0.013514098362246967
2024-08-15,0.007134066996484038
2024-08-16,0.0067565762320600745
2024-08-19,0.006030124660351126
2024-08-20,-0.0033445558044717816
2024-08-21,0.0009450124348650134
2024-08-22,0.005247773993749329
2024-08-23,0.008716404099947183
2024-08-26,0.003962839405585132
2024-08-27,0.004102492779943461
2024-08-28,0.002126071625667083
2024-08-29,0.006245157119674399
2024-08-30,0.007906550241866756
2024-09-03,-0.004395059001259893
2024-09-04,0.0007006744960045575
2024-09-05,-0.006907477244584878
2024-09-06,-0.013346128852585983
2024-09-09,0.011926853202773459
2024-09-10,-0.004812263406305746
2024-09-11,-0.005463277698828886
2024-09-12,0.004639031596366638
2024-09-13,0.007429165368458308
2024-09-16,0.012186316424951266
2024-09-17,0.0034109767340260964
2024-09-18,-0.002358877990301139
2024-09-19,0.008988029145517329
2024-09-20,-0.0026569307251628235
2024-09-23,0.00368798667567302
2024-09-24,-0.005816409996797957
2024-09-25,-0.00639476963110023
2024-09-26,0.004479940913355933
2024-09-27,0.0022635285275528464
2024-09-30,0.0036419704577378377
2024-10-01,-0.0003947363461204278
2024-10-02,0.0019641211141392338
2024-10-03,-0.0034322752685291714
2024-10-04,0.014324912063842803
2024-10-07,-0.01723317390131387
2024-10-08,0.00813286039089439
2024-10-09,0.009137682115003208
2024-10-10,-0.0027899775680141933
2024-10-11,0.012913248196636706
2024-10-14,0.007021461388627442
2024-10-15,0.003046142256116602
2024-10-16,0.008245016757734971
2024-10-17,0.003942995774100897
2024-10-18,0.0005928952216963599
2024-10-21,-0.007212982721554088
2024-10-22,-0.002970073205194385
2024-10-23,-0.0002955198988245542
2024-10-24,0.002030276002761
2024-10-25,-0.01155521897555357
2024-10-28,0.010731957662025044
2024-10-29,-0.004663468278125759
2024-10-30,0.0015764007767153324
2024-10-31,-0.011783835957520921
2024-11-01,-0.003957546171982604
2024-11-04,-0.0031001162781237514
2024-11-05,0.01204081785612271
2024-11-06,0.0440542551000695
2024-11-07,-0.010950921996338462
2024-11-08,0.009232215009653119
2024-11-11,0.011652492028719786
2024-11-12,-0.0011431795457494292
2024-11-13,0.000179182373715019
2024-11-14,-0.005047298875449983
2024-11-15,0.0029670295102641143
2024-11-18,0.0045336238883175615
2024-11-19,-0.005427946506057088
2024-11-20,-0.0001954527360537666
2024-11-21,0.012932547591614324
2024-11-22,0.009606316696940712
2024-11-25,0.006355717429267438
2024-11-26,0.005270983437925896
2024-11-27,0.0023285052050138824
2024-11-29,0.00012132735554939646
2024-12-02,-0.009582921356650611
2024-12-03,-0.003770102055143641
2024-12-04,-0.001284775966886107
2024-12-05,-0.001139354891376383
2024-12-06,-0.0052570544389338725
2024-12-09,-0.013585716328094391
2024-12-10,-0.0031840321635762166
2024-12-11,0.0025614886467148993
2024-12-12,-0.003750378044748158
2024-12-13,-0.0004251445379165751
2024-12-16,-0.002926184001588174
2024-12-17,-0.007829810329928133
2024-12-18,-0.026885439671285954
2024-12-19,0.0001769630540908728
2024-12-20,0.012722916119801959
2024-12-23,0.002451550378493737
2024-12-24,0.010158153164153905
2024-12-26,0.0026999366799069255
2024-12-27,-0.007810328213764624
2024-12-30,-0.008549483722818427
2024-12-31,0.0005207584831362099
2025-01-02,-0.0023301213242672846
2025-01-03,0.006655816256747995
2025-01-06,-0.0074266230092942765
2025-01-07,-0.0016618629690895545
2025-01-08,0.005087167480058364
2025-01-10,-0.02536916223282762
2025-01-13,0.0068607796323579065
2025-01-14,0.012885022385196405
2025-01-15,0.017391342597736944
2025-01-16,0.008870809064739301
2025-01-17,0.004022933611394058
2025-01-21,0.006860064688989994
2025-01-22,-0.0027160775888414386
2025-01-23,0.0032743252315979017
2025-01-24,0.004443824312478324
2025-01-27,0.01326435660740501
2025-01-28,-0.003010183086480849
2025-01-29,-0.0026993946559338306
2025-01-30,0.009858151427230814
2025-01-31,-0.004469535257233833
2025-02-03,-0.0026820435718340374
2025-02-04,-0.003565855927315873
2025-02-05,0.006724417288966843
2025-02-06,0.005358600493488551
2025-02-07,-0.0020563480489213725
2025-02-10,-0.007987402957548973
2025-02-11,-0.0030342797689568335
2025-02-12,-0.002816012695174245
2025-02-13,0.005977147615287031
2025-02-14,-0.004928080085743214
2025-02-18,0.009142093704917012
2025-02-19,0.0020577086788691875
2025-02-20,-0.008933272328640355
2025-02-21,-0.010601907002232347
2025-02-24,0.00252875198483723
2025-02-25,0.0010001863999348128
2025-02-26,-0.0036734651694614365
2025-02-27,0.006386082608602922
2025-02-28,0.017762783106669754
2025-03-03,-0.002020545883091103
2025-03-04,-0.02973903159445461
2025-03-05,0.006661541236837496
2025-03-06,-0.011938788665257489
2025-03-07,-0.0001162495633957923
2025-03-10,-0.01647913544930083
2025-03-11,-0.011349998681294163
2025-03-12,-0.002559170619809057
2025-03-13,-0.0032068891065384934
2025-03-14,0.01986475787233357
2025-03-17,0.013205460431963877
2025-03-18,-0.0013749965360703043
2025-03-19,0.007231051955174834
2025-03-20,0.00010540981986292512
2025-03-21,-0.006566018675615189
2025-03-24,0.014848361294990217
2025-03-25,0.0038467625993789467
2025-03-26,0.00019912708928430798
2025-03-27,-0.001582024648061283
2025-03-28,-0.01380851025222835
2025-03-31,0.011728444782337099
2025-04-01,7.357753571992891e-05
2025-04-02,0.007922571651615435
2025-04-03,-0.04203670703861991
2025-04-04,-0.06841191427080254
2025-04-07,-0.011226613088674143
2025-04-08,-0.006003153620847663
2025-04-09,0.06985175858645788
2025-04-10,-0.023691754800792234
2025-04-11,0.0143153275550753
2025-04-14,0.012939027154327563
2025-04-15,0.00033127824732171206
2025-04-16,-0.013530235900104787
2025-04-17,0.0011839682785538094
2025-04-21,-0.022207287674599542
2025-04-22,0.03102207992126951
2025-04-23,0.006595302887380617
2025-04-24,0.009058871574229715
2025-04-25,-0.007610169026042106
2025-04-28,0.0034402223478285174
2025-04-29,0.010588563908679167
2025-04-30,0.0037665034949618836
2025-05-01,-0.003340651198079388
2025-05-02,0.02130277893995671
2025-05-05,0.00010440697173245491
2025-05-06,-0.0030527052223091955
2025-05-07,0.005483808765694917
2025-05-08,0.00738224328245635
2025-05-09,0.0023519478362678523
2025-05-12,0.01339451677338081
2025-05-13,0.0006748351411958399
2025-05-14,-0.006352095755896398
2025-05-15,0.010507541331228998
2025-05-16,0.008381928326238276
2025-05-19,0.002341927177022684
2025-05-20,-0.004706840785435429
2025-05-21,-0.018206164804953785
2025-05-22,-0.001608853757182248
2025-05-23,-0.00035572668543732387
2025-05-27,0.01683588771477228
2025-05-28,-0.00962961652834685
2025-05-29,0.0062236636602288325
2025-05-30,0.003664790418044267
2025-06-02,0.002138363868410903
2025-06-03,-0.001093044120898429
2025-06-04,-0.007785827635909549
2025-06-05,-0.0024328098576401292
2025-06-06,0.010813329871565237
2025-06-09,-0.009980635233918334
2025-06-10,-0.0021631018652322424
2025-06-11,-0.0006482361416967932
2025-06-12,0.005412925961972685
2025-06-13,-0.015584129884570228
2025-06-16,0.008455991319284312
2025-06-17,-0.0054414047564482785
2025-06-18,0.0030754435669038916
2025-06-20,0.003293976195506531
2025-06-23,0.013095231869451083
2025-06-24,0.0071956228590161365
2025-06-25,-0.005692672104885733
2025-06-26,0.005140241193405587
2025-06-27,0.0061896819101656215
2025-06-30,0.009584342913193336
2025-07-01,0.005729679580441327
2025-07-02,-0.0034620291488509005
2025-07-03,0.008413096743784291
2025-07-07,-0.005214627148758761
2025-07-08,-0.005318355439045719
2025-07-09,0.0013513588779036668
2025-07-10,0.005432482241252869
2025-07-11,-0.009591042227306695
2025-07-14,0.0075446857480565045
2025-07-15,-0.018274331558202
2025-07-16,0.009208376439146248
2025-07-17,0.009035701230524506
2025-07-18,0.00251297122125662
2025-07-21,-0.00616661157498744
2025-07-22,0.00877723576064898
2025-07-23,0.002044722757192189
2025-07-24,0.001950939264009178
2025-07-25,0.007163371593533573
2025-07-28,-0.010248042762797161
2025-07-29,-0.0037908550272915693
2025-07-30,-0.003912512307816669
2025-07-31,-0.00300602956493207
2025-08-01,-0.009813694159304776
2025-08-04,0.0146305305398723
2025-08-05,-0.004284085468945957
2025-08-06,0.004692735177035396
2025-08-07,-0.008219277547746812
2025-08-08,0.006978112525168699
2025-08-11,-0.0006693027070235822
2025-08-12,0.005602884729926275
2025-08-13,0.007884030658485076
2025-08-14,0.0004899021399140432
2025-08-15,-0.007773738358707493
2025-08-18,-0.0017362197801165243
2025-08-19,0.004267961955193948
2025-08-20,0.0077181750818243414
2025-08-21,-0.004058829288255729
2025-08-22,0.012806975996114692
2025-08-25,-0.0054216018084857105
2025-08-26,0.0011632975016321878
2025-08-27,-0.00016944151467620207
2025-08-28,-0.0018369812350106786
2025-08-29,0.0012861503551765416
2025-09-02,-0.008329283687189293
2025-09-03,0.0017965642243903657
2025-09-04,0.006933045391665625
2025-09-05,-0.013891453324941311
2025-09-08,0.0025245624933160505
2025-09-09,-0.0012575913881890065
2025-09-10,-0.0046705564963695
2025-09-11,0.016842706654712693
2025-09-12,-0.004795199972074695
2025-09-15,-0.009312394801651261
2025-09-16,-0.0054392023411699636
2025-09-17,0.008810179563831634
2025-09-18,-0.0008939201536096427
2025-09-19,-0.001008534345653687
2025-09-22,-0.0002163075015961773
2025-09-23,-0.0007951286813850336
2025-09-24,1.799113115948426e-05
2025-09-25,-0.002252885507951259
2025-09-26,0.00767230264262586
2025-09-29,0.003280730741446753
2025-09-30,-0.003880968173791698
2025-10-01,-0.009916819788741005
2025-10-02,0.0011248636955721394
2025-10-03,0.006049184818958063
2025-10-06,-0.0025552136264281717
2025-10-07,0.0052536796995400975
2025-10-08,-0.0027206909571614495
2025-10-09,-0.003072161908646481
2025-10-10,-0.016866399254496522
2025-10-13,0.005269091718591895
2025-10-14,0.011059590458150765
2025-10-15,-0.006787045100727169
2025-10-16,-0.03138480868785689
2025-10-17,0.009681288979663624
2025-10-20,0.007564923558130724
2025-10-21,0.0034525969187731965
2025-10-22,-0.0022487754201098156
2025-10-23,0.0013306132734080248
2025-10-24,0.004793511531394668
2025-10-27,0.0019560104160375237
2025-10-28,-0.010163456760965512
2025-10-29,-0.023090982995623024
2025-10-30,0.0028072489495956127
2025-10-31,0.002965582748919822
2025-11-03,-0.0022326570631669355
2025-11-04,0.008397127621314823
2025-11-05,0.0031231414398765296
2025-11-06,-0.0010520741986015261
2025-11-07,0.010567496215540923
2025-11-10,0.0037159181457004174
2025-11-11,0.006628422692607301
2025-11-12,0.007044384691950111
2025-11-13,-0.007236268169801094
2025-11-14,-0.006024674138389646
2025-11-17,-0.017526281464153713
2025-11-18,0.0009486880621260455
2025-11-19,-0.0014040610206438237
2025-11-20,-0.0020082085090831836
2025-11-21,0.012255629145725826
2025-11-24,0.0011421911345829653
2025-11-25,0.012552742346977354
2025-11-26,0.004387450498795217
2025-11-28,0.0035035880847562838
2025-12-01,-0.005195629962643616
2025-12-02,-0.0026423942583455534
2025-12-03,0.00846278908308292
2025-12-04,0.003328063335047814
2025-12-05,-0.0017023070374295047
2025-12-08,-0.004283744160991473
2025-12-09,0.004230602918397827
2025-12-10,0.009221183582374427
2025-12-11,0.017016496459148156
2025-12-12,0.002414102992477288
2025-12-15,0.0007677528485456009
2025-12-16,-0.0040604222450068206
2025-12-17,0.002547616558121585
2025-12-18,-0.003999989512778174
2025-12-19,0.003988392054155625
2025-12-22,0.011474094509804023
2025-12-23,0.0003397916118243513
2025-12-24,0.00402363828566916
2025-12-26,-0.0010562637774839208
2025-12-29,-0.0017293574765583268
2025-12-30,-0.004156859028591651
2025-12-31,-0.008765197902882748
